"rank","seller_id","priority_score","late_delivery_rate","late_rate_norm","score_late_component","canceled_or_unavailable_rate","canceled_rate_norm","score_cancel_component","median_delivery_delay_days","positive_delay_norm","score_delay_component","seller_order_count","volume_exposure_norm","score_volume_component"
1,"821fb029fc6e495ca4f08a35d51e53a5",0.517947306799947,0.375,1,0.4,0.0357142857142857,0.428571428571429,0.107142857142857,0,0,0,28,0.0720296643806015,0.0108044496570902
2,"ede0c03645598cdfc63ca8237acbe73d",0.464277744381713,0.348837209302326,0.930232558139535,0.372093023255814,0.0217391304347826,0.260869565217391,0.0652173913043478,0,0,0,46,0.179782198810342,0.0269673298215513
3,"ad781527c93d00d89a11eecd9dcad7c1",0.430535641639151,0.315789473684211,0.842105263157895,0.336842105263158,0.0227272727272727,0.272727272727273,0.0681818181818182,0,0,0,44,0.170078121294499,0.0255117181941748
4,"835f0f7810c76831d6c7d24c7a646d4d",0.423852266534723,0.30952380952381,0.825396825396825,0.33015873015873,0.0227272727272727,0.272727272727273,0.0681818181818182,0,0,0,44,0.170078121294499,0.0255117181941748
5,"f76a3b1349b6df1ee875d1f3fa4340f0",0.40583626915695,0.375,1,0.4,0,0,0,0,0,0,24,0.0389084610463321,0.00583626915694982
6,"66e0557ecc2b4dbea057e93f215f68d8",0.395318250251442,0.266666666666667,0.711111111111111,0.284444444444444,0.032258064516129,0.387096774193548,0.0967741935483871,0,0,0,31,0.0939974150574042,0.0140996122586106
7,"2a1348e9addc1af5aaa619b1a3679d6b",0.377570212204611,0.270833333333333,0.722222222222222,0.288888888888889,0.0192307692307692,0.230769230769231,0.0576923076923077,0,0,0,52,0.206593437489426,0.0309890156234139
8,"54965bbe3e4f07ae045b90b0b8541f52",0.365811466036015,0.301369863013699,0.80365296803653,0.321461187214612,0,0,0,0,0,0,78,0.295668525476024,0.0443502788214036
9,"bc47d5d1490df2b36add65d733eafaba",0.357423570744251,0.0952380952380952,0.253968253968254,0.101587301587302,0.0833333333333333,1,0.25,0,0,0,24,0.0389084610463321,0.00583626915694982
10,"06a2c3af7b3aee5d69171b0e14f0ee87",0.34484098433815,0.231362467866324,0.616966580976864,0.246786632390745,0,0,0,0,0,0,392,0.653695679649362,0.0980543519474043
11,"b17b679f4f5ce2e03ce6968c62648246",0.333922984287895,0.18,0.48,0.192,0.0363636363636364,0.436363636363636,0.109090909090909,0,0,0,55,0.218880501313237,0.0328320751969856
12,"a49928bcdf77c55c6d6e05e09a9b4ca5",0.329682154292052,0.260416666666667,0.694444444444445,0.277777777777778,0,0,0,0,0,0,98,0.346029176761826,0.0519043765142739
13,"23d7c96d4a1160db1c726b248601b25a",0.329426032965751,0.12,0.32,0.128,0.0566037735849057,0.679245283018868,0.169811320754717,0,0,0,53,0.210764748073557,0.0316147122110336
14,"6973a06f484aacf400ece213dbf3d946",0.325386455391792,0.168539325842697,0.449438202247191,0.179775280898876,0.0315789473684211,0.378947368421053,0.0947368421052632,0,0,0,95,0.339162215917686,0.0508743323876528
15,"054694fa03fe82cec4b7551487331d74",0.321557201364865,0.3,0.8,0.32,0,0,0,0,0,0,21,0.0103813424324359,0.00155720136486538
16,"7f152321c60a266edc53af1925ef96c1",0.32,0.3,0.8,0.32,0,0,0,0,0,0,20,0,0
17,"3fd1e727ba94cfe122d165e176ce7967",0.314266506567678,0.2,0.533333333333333,0.213333333333333,0.027027027027027,0.324324324324324,0.0810810810810811,0,0,0,37,0.132347281021757,0.0198520921532635
18,"4e5725ba188db8252977a4f0227bd462",0.307807075217091,0.285714285714286,0.761904761904762,0.304761904761905,0,0,0,0,0,0,22,0.0203011363679097,0.00304517045518645
19,"beadbee30901a7f61d031b6b686095ad",0.304487527961741,0.25,0.666666666666667,0.266666666666667,0,0,0,0,0,0,64,0.252139075300494,0.037820861295074
20,"88460e8ebdecbfecb5f9601833981930",0.303005217303009,0.195121951219512,0.520325203252033,0.208130081300813,0.00403225806451613,0.0483870967741935,0.0120967741935484,0,0,0,248,0.551855745390981,0.0827783618086472
21,"ef990a83bbea832f36ebe81376335aa8",0.297627683527805,0.255813953488372,0.682170542635659,0.272868217054264,0,0,0,0,0,0,43,0.165063109823609,0.0247594664735413
22,"a416b6a846a11724393025641d4edd5e",0.297069122187854,0.127388535031847,0.339702760084926,0.13588110403397,0.0308641975308642,0.37037037037037,0.0925925925925926,0,0,0,162,0.457302837075274,0.0685954255612911
23,"1ca7077d890b907f89be8c954a02686a",0.294246016911479,0.222222222222222,0.592592592592593,0.237037037037037,0,0,0,0,0,0,115,0.381393199162947,0.057208979874442
24,"850913d59ce317156b00f3705f1c3edb",0.292787702362243,0.172413793103448,0.459770114942529,0.183908045977012,0.03125,0.375,0.09375,0,0,0,32,0.100864375901544,0.0151296563852317
25,"e5a3438891c0bfdb9394643f95273d8e",0.290309430755422,0.185185185185185,0.493827160493827,0.197530864197531,0.00446428571428571,0.0535714285714286,0.0133928571428571,0,0,0,224,0.529238062766895,0.0793857094150342
26,"cac4c8e7b1ca6252d8f20b2fc1a2e4af",0.288099402306984,0.22972972972973,0.612612612612613,0.245045045045045,0,0,0,0,0,0,75,0.287029048412929,0.0430543572619394
27,"39d54ff918774174706fb065d7f9dc07",0.280359130233542,0.136363636363636,0.363636363636364,0.145454545454545,0.0434782608695652,0.521739130434783,0.130434782608696,0,0,0,23,0.0297986811353401,0.00446980217030101
28,"712e6ed8aa4aa1fa65dab41fed5737e4",0.28026917386863,0.220779220779221,0.588744588744589,0.235497835497835,0,0,0,0,0,0,79,0.298475589138627,0.0447713383707941
29,"cd68562d3f44870c08922d380acae552",0.276326712013674,0.180327868852459,0.480874316939891,0.192349726775956,0.008,0.096,0.024,0,0,0,125,0.399846568251454,0.0599769852377181
30,"6039e27294dc75811c0d8a39069f52c0",0.274857898332111,0.222222222222222,0.592592592592593,0.237037037037037,0,0,0,0,0,0,64,0.252139075300494,0.037820861295074
31,"8160255418d5aaa7dbdc9f4c64ebda44",0.274294858091991,0.165789473684211,0.442105263157895,0.176842105263158,0,0,0,0,0,0,385,0.649685018858887,0.0974527528288331
32,"4aba391bc3b88717ce08eb11e44937b2",0.273412230393902,0.148148148148148,0.395061728395062,0.158024691358025,0.0344827586206897,0.413793103448276,0.103448275862069,0,0,0,29,0.0795950878253904,0.0119392631738086
33,"891071be6ba827b591264c90c2ae8a63",0.270655572808115,0.176470588235294,0.470588235294118,0.188235294117647,0.0108695652173913,0.130434782608696,0.0326086956521739,0,0,0,92,0.332077220255291,0.0498115830382936
34,"c3867b4666c7d76867627c2f7fb22e21",0.269912893167219,0.118421052631579,0.315789473684211,0.126315789473684,0.0204081632653061,0.244897959183673,0.0612244897959184,0,0,0,245,0.54915075931744,0.082372613897616
35,"4a3ca9315b744ce9f8e9374361493884",0.269826177114786,0.110045146726862,0.293453724604966,0.117381489841986,0.00110741971207087,0.0132890365448505,0.00332225913621262,0,0,0,1806,0.994149520910581,0.149122428136587
36,"d20b021d3efdf267a402c402a48ea64b",0.268463708191182,0.174418604651163,0.465116279069767,0.186046511627907,0.0111111111111111,0.133333333333333,0.0333333333333333,0,0,0,90,0.327225754866276,0.0490838632299414
37,"1dfe5347016252a7884b694d4f10f5c4",0.268223868031532,0.25,0.666666666666667,0.266666666666667,0,0,0,0,0,0,21,0.0103813424324359,0.00155720136486538
38,"ff69aa92bb6b1bf9b8b7a51c2ed9cf8b",0.266666666666667,0.25,0.666666666666667,0.266666666666667,0,0,0,0,0,0,20,0,0
39,"bacb1f0ed56ad24198f5810d2b3fe9a5",0.266345809828004,0.0263157894736842,0.0701754385964912,0.0280701754385965,0.0714285714285714,0.857142857142857,0.214285714285714,0,0,0,42,0.159932800691289,0.0239899201036934
40,"d13e50eaa47b4cbe9eb81465865d8cfc",0.265593839659761,0.212121212121212,0.565656565656566,0.226262626262626,0,0,0,0,0,0,67,0.262208089314233,0.039331213397135
41,"ea566164622c6b439516ab18062c42cd",0.264368069975492,0.22,0.586666666666667,0.234666666666667,0,0,0,0,0,0,50,0.198009355392169,0.0297014033088253
42,"71039d19d4303bf9054d69e9a9236699",0.261851781000191,0.228571428571429,0.609523809523809,0.243809523809524,0,0,0,0,0,0,35,0.120281714604449,0.0180422571906673
43,"4869f7a5dfa277a7dca6462dcf3b52b2",0.259515991337586,0.115658362989324,0.308422301304864,0.123368920521945,0.00088339222614841,0.0106007067137809,0.00265017667844523,0,0,0,1132,0.889979294247972,0.133496894137196
44,"855668e0971d4dfd7bef1b6a4133b41b",0.258999604321784,0.14,0.373333333333333,0.149333333333333,0.00641025641025641,0.0769230769230769,0.0192307692307692,0,0,0,312,0.60290334505121,0.0904355017576815
45,"620c87c171fb2a6dd6e8bb4dec959fc6",0.25808675410078,0.0997229916897507,0.265927977839335,0.106371191135734,0.0108108108108108,0.12972972972973,0.0324324324324324,0,0,0,740,0.795220870217423,0.119283130532613
46,"1f50f920176fa81dab994f9023523100",0.255678652613899,0.105789849892781,0.282106266380748,0.112842506552299,0.000712250712250712,0.00854700854700855,0.00213675213675214,0,0,0,1404,0.937995959498983,0.140699393924847
47,"75d34ebb1bd0bd7dde40dd507b8169c3",0.253582869534815,0.157894736842105,0.421052631578947,0.168421052631579,0.0161290322580645,0.193548387096774,0.0483870967741935,0,0,0,62,0.245164800860281,0.0367747201290422
48,"2089a6d640999f9b9141ac719b2af596",0.249791097351603,0.146341463414634,0.390243902439024,0.15609756097561,0.0227272727272727,0.272727272727273,0.0681818181818182,0,0,0,44,0.170078121294499,0.0255117181941748
49,"f5a590cf36251cf1162ea35bef76fe84",0.247978608601173,0.106194690265487,0.283185840707965,0.113274336283186,0.0256410256410256,0.307692307692308,0.0769230769230769,0,0,0,117,0.385207969299401,0.0577811953949101
50,"e2aee0892199b1d92530e371abd825bf",0.247817106772458,0.138888888888889,0.37037037037037,0.148148148148148,0.0263157894736842,0.315789473684211,0.0789473684210526,0,0,0,38,0.138143934688379,0.0207215902032569
51,"ea8482cd71df3c1969d7b9473ff13abc",0.247715416881525,0.104240282685512,0.277974087161366,0.111189634864547,0.00087260034904014,0.0104712041884817,0.00261780104712042,0,0,0,1146,0.892719873132389,0.133907980969858
52,"f7ba60f8c3f99e7ee4042fdef03b70c4",0.244994313963514,0.155963302752294,0.415902140672783,0.166360856269113,0,0,0,0,0,0,219,0.524223051296005,0.0786334576944007
53,"99a54764c341d5dc80b4a8fac4eba3fb",0.244429253745681,0.204545454545455,0.545454545454546,0.218181818181818,0,0,0,0,0,0,45,0.174982903759082,0.0262474355638624
54,"7e1fb0a3ebfb01ffb3a7dae98bf3238d",0.243343861138224,0.129032258064516,0.344086021505376,0.137634408602151,0.0125786163522013,0.150943396226415,0.0377358490566038,0,0,0,159,0.4531573565298,0.06797360347947
55,"8444e55c1f13cd5c179851e5ca5ebd00",0.243018137977727,0.0652173913043478,0.173913043478261,0.0695652173913043,0.0404040404040404,0.484848484848485,0.121212121212121,0,0,0,99,0.348271995828678,0.0522407993743017
56,"994f04b3718c2bab35c2adfa8afecd2a",0.242267655701434,0.0851063829787234,0.226950354609929,0.0907801418439716,0.0408163265306122,0.489795918367347,0.122448979591837,0,0,0,49,0.193590228437505,0.0290385342656257
57,"c60b801f2d52c7f7f91de00870882a75",0.242005683912095,0.205128205128205,0.547008547008547,0.218803418803419,0,0,0,0,0,0,41,0.154681767391173,0.0232022651086759
58,"e5e33c0d8e7e002f398f5dc4cbbb338f",0.24102422987687,0.115384615384615,0.307692307692308,0.123076923076923,0.0357142857142857,0.428571428571429,0.107142857142857,0,0,0,28,0.0720296643806015,0.0108044496570902
59,"0bf0150d5b9d60d9cd2906003332f085",0.240372492065537,0.205128205128205,0.547008547008547,0.218803418803419,0,0,0,0,0,0,39,0.143793821747455,0.0215690732621182
60,"7d13fca15225358621be4086e1eb0964",0.240253124162353,0.121863799283154,0.324970131421744,0.129988052568698,0,0,0,0,0,0,565,0.735100477291032,0.110265071593655
61,"2a261b5b644fa05f4f2700eb93544f2c",0.239501727088952,0.196078431372549,0.522875816993464,0.209150326797386,0,0,0,0,0,0,51,0.202342668610443,0.0303514002915665
62,"28f10b1c5e5abb9d4857745bede6147c",0.239375878228519,0.214285714285714,0.571428571428571,0.228571428571429,0,0,0,0,0,0,28,0.0720296643806015,0.0108044496570902
63,"8b321bb669392f5163d04c59e235e066",0.238642471007676,0.104301075268817,0.278136200716846,0.111254480286738,0,0,0,0,0,0,943,0.849253271472919,0.127387990720938
64,"3d5d0dc7073a299e31fa718ce1bc00b6",0.236491886366298,0.0952380952380952,0.253968253968254,0.101587301587302,0.0434782608695652,0.521739130434783,0.130434782608696,0,0,0,23,0.0297986811353401,0.00446980217030101
65,"7c67e1448b00f6e969d365cea6b010ab",0.236177161493307,0.100719424460432,0.268585131894484,0.107434052757794,0,0,0,0,0,0,982,0.858287391570089,0.128743108735513
66,"fffd5413c0700ac820c7069d66d98c89",0.235402429050469,0.140350877192982,0.374269005847953,0.149707602339181,0.0166666666666667,0.2,0.05,0,0,0,60,0.237965511408586,0.0356948267112879
67,"1025f0e2d44d7041d6cf58b6550e0bfa",0.234218929303772,0.101098901098901,0.26959706959707,0.107838827838828,0,0,0,0,0,0,915,0.842534009766298,0.126380101464945
68,"4917cee8d902e13428c3ec4b1ca6f315",0.232355732257179,0.032258064516129,0.0860215053763441,0.0344086021505376,0.0606060606060606,0.727272727272727,0.181818181818182,0,0,0,33,0.10752632192306,0.016128948288459
69,"2c9e548be18521d1c43cde1c582c6de8",0.232284612331351,0.161290322580645,0.43010752688172,0.172043010752688,0,0,0,0,0,0,126,0.401610677191084,0.0602416015786625
70,"f615fe7efbef0f4f08fd3086bc7a3e60",0.231874281748694,0.0909090909090909,0.242424242424242,0.096969696969697,0.0434782608695652,0.521739130434783,0.130434782608696,0,0,0,23,0.0297986811353401,0.00446980217030101
71,"b2479f944e1b90cf8a5de1bbfde284d6",0.230534664471023,0.138613861386139,0.36963696369637,0.147854785478548,0.00970873786407767,0.116504854368932,0.029126213592233,0,0,0,103,0.357024436001616,0.0535536654002424
72,"6560211a19b47992c3666cc44a7e94c0",0.229935986734772,0.0643210555250137,0.17152281473337,0.068609125893348,0.00377562028047465,0.0453074433656958,0.0113268608414239,0,0,0,1854,1,0.15
73,"602044f2c16190c2c6e45eb35c2e21cb",0.229701403308825,0.1875,0.5,0.2,0,0,0,0,0,0,50,0.198009355392169,0.0297014033088253
74,"f12ff17ad8bbf01ec5c33b17e506649b",0.229673253321592,0.107142857142857,0.285714285714286,0.114285714285714,0.0344827586206897,0.413793103448276,0.103448275862069,0,0,0,29,0.0795950878253904,0.0119392631738086
75,"8f2ce03f928b567e3d56181ae20ae952",0.229166600701608,0.152317880794702,0.406181015452539,0.162472406181015,0,0,0,0,0,0,153,0.444627963470614,0.0666941945205921
76,"cc419e0650a3c5ba77189a1882b7556a",0.228296622618903,0.0611750454270139,0.163133454472037,0.0652533817888149,0.00527549824150059,0.063305978898007,0.0158264947245018,0,0,0,1706,0.981444974037245,0.147216746105587
77,"6ec1a01e866584bb679eb9b098345919",0.227432945591944,0.2,0.533333333333333,0.213333333333333,0,0,0,0,0,0,31,0.0939974150574042,0.0140996122586106
78,"a673821011d0cec28146ea42f5ab767f",0.227001420977393,0.112,0.298666666666667,0.119466666666667,0.0155038759689922,0.186046511627907,0.0465116279069767,0,0,0,129,0.406820842691666,0.0610231264037499
79,"897060da8b9a21f655304d50fd935913",0.226745512732293,0.118421052631579,0.315789473684211,0.126315789473684,0.00315457413249211,0.0378548895899054,0.00946372239747634,0,0,0,317,0.60644000574088,0.090966000861132
80,"dd7ddc04e1b6c2c614352b383efe2d36",0.226663461736599,0.15702479338843,0.418732782369146,0.167493112947658,0,0,0,0,0,0,122,0.394468991926267,0.0591703487889401
81,"1835b56ce799e6a4dc4eddc053f04066",0.225935539166868,0.117505995203837,0.313349320543565,0.125339728217426,0,0,0,0,0,0,423,0.670638739662944,0.100595810949442
82,"fa1c13f2614d7b5c4749cbc52fecda94",0.225436877528195,0.102076124567474,0.272202998846597,0.108881199538639,0.00170940170940171,0.0205128205128205,0.00512820512820513,0,0,0,585,0.742849819075674,0.111427472861351
83,"8e6d7754bc7e0f22c96d255ebda59eba",0.224969962990147,0.166666666666667,0.444444444444444,0.177777777777778,0,0,0,0,0,0,85,0.314614568082462,0.0471921852123693
84,"2eb70248d66e0e3ef83659f71b244378",0.224248038178236,0.13903743315508,0.370766488413547,0.148306595365419,0,0,0,0,0,0,202,0.50627628541878,0.075941442812817
85,"b2ba3715d723d245138f291a6fe42594",0.224089278176022,0.0895061728395062,0.238683127572016,0.0954732510288066,0.0118694362017804,0.142433234421365,0.0356083086053412,0,0,0,337,0.620051456945828,0.0930077185418742
86,"77530e9772f57a62c906e1c21538ab82",0.223732234161062,0.115384615384615,0.307692307692308,0.123076923076923,0.003125,0.0375,0.009375,0,0,0,320,0.608535407227594,0.0912803110841392
87,"431af27f296bc6519d890aa5a05fdb11",0.22329843677422,0.155172413793103,0.413793103448276,0.16551724137931,0,0,0,0,0,0,117,0.385207969299401,0.0577811953949101
88,"440dd6ab244315c632130ecfb63827b1",0.223098052541809,0.131868131868132,0.351648351648352,0.140659340659341,0.0106382978723404,0.127659574468085,0.0319148936170213,0,0,0,94,0.33682545510298,0.050523818265447
89,"955fee9216a65b617aa5c0531780ce60",0.223017132824909,0.077716098334655,0.207242928892413,0.0828971715569654,0.000777000777000777,0.00932400932400932,0.00233100233100233,0,0,0,1287,0.918593059579606,0.137788958936941
90,"7aa4334be125fcdd2ba64b3180029f14",0.222876045436127,0.135514018691589,0.361370716510903,0.144548286604361,0,0,0,0,0,0,217,0.522185058878439,0.0783277588317659
91,"7040e82f899a04d1b434b795a43b4617",0.222568002615119,0.0961538461538462,0.256410256410256,0.102564102564103,0.0141509433962264,0.169811320754717,0.0424528301886792,0,0,0,212,0.51700713241558,0.077551069862337
92,"002100f778ceb8431b7a1020ff7ab48f",0.222351400291566,0.18,0.48,0.192,0,0,0,0,0,0,51,0.202342668610443,0.0303514002915665
93,"8581055ce74af1daba164fdbd55a40de",0.220077729419083,0.100263852242744,0.267370272647317,0.106948109058927,0.00516795865633075,0.062015503875969,0.0155038759689922,0,0,0,387,0.650838295941089,0.0976257443911634
94,"da8622b14eb17ae2831f4ac5b9dab84a",0.21984623487107,0.07627765064836,0.203407068395627,0.0813628273582507,0,0,0,0,0,0,1314,0.92322271675213,0.13848340751282
95,"7ad32824caee82087b3e2e5f33b1bf32",0.218637574751568,0.142857142857143,0.380952380952381,0.152380952380952,0,0,0,0,0,0,151,0.441710815804102,0.0662566223706153
96,"391fc6631aebcf3004804e51b40bcf1e",0.218431881254802,0.103646833013436,0.276391554702495,0.110556621880998,0,0,0,0,0,0,526,0.719168395825357,0.107875259373803
97,"adbc26658d6c7b4b6219f9d934598091",0.218036940250599,0.159090909090909,0.424242424242424,0.16969696969697,0,0,0,0,0,0,88,0.322266470357526,0.0483399705536289
98,"a17f621c590ea0fab3d5d883e1630ec6",0.215295698457685,0.0793650793650794,0.211640211640212,0.0846560846560847,0.0307692307692308,0.369230769230769,0.0923076923076923,0,0,0,65,0.255546143292717,0.0383319214939076
99,"5b8154610ebb21fb90eb587365e673df",0.214984273939625,0.108108108108108,0.288288288288288,0.115315315315315,0.0263157894736842,0.315789473684211,0.0789473684210526,0,0,0,38,0.138143934688379,0.0207215902032569
100,"e0878efa0e0b7e5313ac0b43bc04c081",0.214758015216515,0.192307692307692,0.512820512820513,0.205128205128205,0,0,0,0,0,0,27,0.0641987339220641,0.00962981008830962
101,"4e922959ae960d389249c378d1c939f5",0.214273983820049,0.106796116504854,0.284789644012945,0.113915857605178,0,0,0,0,0,0,420,0.669054174765808,0.100358126214871
102,"ba143b05f0110f0dc71ad71b4466ce92",0.214260458304739,0.156626506024096,0.417670682730924,0.167068273092369,0,0,0,0,0,0,85,0.314614568082462,0.0471921852123693
103,"16090f2ca825584b5a147ab24aa30c86",0.214138327340262,0.108040201005025,0.288107202680067,0.115242881072027,0,0,0,0,0,0,402,0.659302975121567,0.098895446268235
104,"0cbcee27c791afa0cdcb08587a2013a8",0.21380746550051,0.108108108108108,0.288288288288288,0.115315315315315,0.0256410256410256,0.307692307692308,0.0769230769230769,0,0,0,39,0.143793821747455,0.0215690732621182
105,"1a932caad4f9d804097d7f8e615baed1",0.213333333333333,0.2,0.533333333333333,0.213333333333333,0,0,0,0,0,0,20,0,0
106,"f918546be4bec7104d117789ba758b2b",0.213333333333333,0.2,0.533333333333333,0.213333333333333,0,0,0,0,0,0,20,0,0
107,"45d33f715e24d15a6ccf5c17b3a23e3c",0.213026919727198,0.0714285714285714,0.19047619047619,0.0761904761904762,0.0338983050847458,0.406779661016949,0.101694915254237,0,0,0,59,0.234276855216563,0.0351415282824845
108,"bbad7e518d7af88a0897397ffdca1979",0.212850555808336,0.161764705882353,0.431372549019608,0.172549019607843,0,0,0,0,0,0,69,0.268676908003287,0.0403015362004931
109,"6a51fc556dab5f766ced6fbc860bc613",0.212685951375862,0.0833333333333333,0.222222222222222,0.0888888888888889,0.0384615384615385,0.461538461538462,0.115384615384615,0,0,0,26,0.0560829806823845,0.00841244710235767
110,"cfb1a033743668a192316f3c6d1d2671",0.212578625065023,0.118881118881119,0.317016317016317,0.126806526806527,0.00680272108843537,0.0816326530612245,0.0204081632653061,0,0,0,147,0.435759566621265,0.0653639349931898
111,"11bfa66332777660bd0640ee84d47006",0.211912982043495,0.157894736842105,0.421052631578947,0.168421052631579,0,0,0,0,0,0,76,0.289946196079441,0.0434919294119162
112,"c31eff8334d6b3047ed34bebd4d62c36",0.210281459900051,0.141666666666667,0.377777777777778,0.151111111111111,0,0,0,0,0,0,122,0.394468991926267,0.0591703487889401
113,"d93919c944be9cff128f6c9cb899eacb",0.210068342227853,0.181818181818182,0.484848484848485,0.193939393939394,0,0,0,0,0,0,33,0.10752632192306,0.016128948288459
114,"1900267e848ceeba8fa32d80c1a5f5a8",0.209979602399796,0.103448275862069,0.275862068965517,0.110344827586207,0,0,0,0,0,0,411,0.664231832090595,0.0996347748135892
115,"e9bc59e7b60fc3063eb2290deda4cced",0.209447114969816,0.110047846889952,0.293460925039872,0.117384370015949,0.00462962962962963,0.0555555555555556,0.0138888888888889,0,0,0,216,0.521159040433188,0.0781738560649781
116,"8b28d096634035667e8263d57ba3368c",0.208207582967376,0.115107913669065,0.306954436450839,0.122781774580336,0.00699300699300699,0.0839160839160839,0.020979020979021,0,0,0,143,0.429645249386794,0.0644467874080191
117,"0adac9fbd9a2b63cccaac4f8756c1ca8",0.207992558295389,0.0660377358490566,0.176100628930818,0.070440251572327,0.0272727272727273,0.327272727272727,0.0818181818181818,0,0,0,110,0.371560832699201,0.0557341249048801
118,"70a12e78e608ac31179aea7f8422044b",0.206994125278072,0.108974358974359,0.290598290598291,0.116239316239316,0,0,0,0,0,0,315,0.60503206025837,0.0907548090387554
119,"8b9d6eec4a7eb7d0f9d579ce0b38324d",0.206816312043404,0.166666666666667,0.444444444444444,0.177777777777778,0,0,0,0,0,0,49,0.193590228437505,0.0290385342656257
120,"e99e927c81e3f51739c94fcdfca9f10f",0.20621977362979,0.19047619047619,0.507936507936508,0.203174603174603,0,0,0,0,0,0,22,0.0203011363679097,0.00304517045518645
121,"3d871de0142ce09b7081e2b9d1733cb1",0.20619321940946,0.0592105263157895,0.157894736842105,0.0631578947368421,0.0037037037037037,0.0444444444444444,0.0111111111111111,0,0,0,1080,0.879494757076711,0.131924213561507
122,"218d46b86c1881d022bce9c68a7d4b15",0.2059674250399,0.0942408376963351,0.25130890052356,0.100523560209424,0.00257731958762887,0.0309278350515464,0.0077319587628866,0,0,0,388,0.65141270711726,0.0977119060675891
123,"634964b17796e64304cadf1ad3050fb7",0.205237771399735,0.10188679245283,0.271698113207547,0.108679245283019,0.00373134328358209,0.0447761194029851,0.0111940298507463,0,0,0,268,0.56909664177313,0.0853644962659695
124,"b499c00f28f4b7069ff6550af8c1348a",0.204344604163491,0.129251700680272,0.344671201814059,0.137868480725624,0,0,0,0,0,0,152,0.44317415625245,0.0664761234378675
125,"05f51e13da97139648b8125c31e5f51b",0.204115879342867,0.157894736842105,0.421052631578947,0.168421052631579,0,0,0,0,0,0,60,0.237965511408586,0.0356948267112879
126,"abe42c5d03695b4257b5c6cbf4e6784e",0.203851063172771,0.163265306122449,0.435374149659864,0.174149659863946,0,0,0,0,0,0,50,0.198009355392169,0.0297014033088253
127,"8d956fec2e4337affcb520f56fd8cbfd",0.20335758706547,0.104761904761905,0.279365079365079,0.111746031746032,0.004739336492891,0.0568720379146919,0.014218009478673,0,0,0,211,0.515956972271771,0.0773935458407657
128,"2e90cb1677d35cfe24eef47d441b7c87",0.203286294706934,0.133858267716535,0.356955380577428,0.142782152230971,0,0,0,0,0,0,127,0.40336094983975,0.0605041424759624
129,"99eaacc9e6046db1c82b163c5f84869f",0.20280836025817,0.111111111111111,0.296296296296296,0.118518518518519,0.0151515151515152,0.181818181818182,0.0454545454545455,0,0,0,66,0.258901975234037,0.0388352962851055
130,"7ddcbb64b5bc1ef36ca8c151f6ec77df",0.202570795259688,0.0861538461538462,0.22974358974359,0.0918974358974359,0.00598802395209581,0.0718562874251497,0.0179640718562874,0,0,0,334,0.618061916706433,0.0927092875059649
131,"b33e7c55446eabf8fe1a42d037ac7d6d",0.20249402052959,0.12751677852349,0.340044742729307,0.136017897091723,0,0,0,0,0,0,152,0.44317415625245,0.0664761234378675
132,"d97df38225e5abadaff1e72cb72b823c",0.202415453649999,0.178571428571429,0.476190476190476,0.19047619047619,0,0,0,0,0,0,29,0.0795950878253904,0.0119392631738086
133,"ec8879960bd2221d5c32f8e12f7da711",0.201816547632981,0.171428571428571,0.457142857142857,0.182857142857143,0,0,0,0,0,0,36,0.12639603183892,0.0189594047758379
134,"ce248b21cb2adc36282ede306b7660e5",0.20115243431442,0.109375,0.291666666666667,0.116666666666667,0.0153846153846154,0.184615384615385,0.0461538461538462,0,0,0,65,0.255546143292717,0.0383319214939076
135,"0b35c634521043bf4b47e21547b99ab5",0.201018066958233,0.16,0.426666666666667,0.170666666666667,0,0,0,0,0,0,51,0.202342668610443,0.0303514002915665
136,"a6fe7de3d16f6149ffe280349a8535a0",0.201018066958233,0.16,0.426666666666667,0.170666666666667,0,0,0,0,0,0,51,0.202342668610443,0.0303514002915665
137,"dd55f1bb788714a40e7954c3be6df745",0.20089940004781,0.171428571428571,0.457142857142857,0.182857142857143,0,0,0,0,0,0,35,0.120281714604449,0.0180422571906673
138,"7a67c85e85bb2ce8582c35f2203ad736",0.200248176761462,0.0593886462882096,0.158369723435226,0.0633478893740902,0.000862068965517241,0.0103448275862069,0.00258620689655172,0,0,0,1160,0.895427203272134,0.13431408049082
139,"9c0e69c7bf2619675bbadf47b43f655a",0.199685106745563,0.105960264900662,0.282560706401766,0.113024282560706,0.00636942675159236,0.0764331210191083,0.0191082802547771,0,0,0,157,0.450350292867197,0.0675525439300795
140,"82e0a475a88cc9595229d8029273f045",0.199483532182671,0.0975609756097561,0.260162601626016,0.104065040650407,0.0238095238095238,0.285714285714286,0.0714285714285714,0,0,0,42,0.159932800691289,0.0239899201036934
141,"c847e075301870dd144a116762eaff9a",0.199483532182671,0.0975609756097561,0.260162601626016,0.104065040650407,0.0238095238095238,0.285714285714286,0.0714285714285714,0,0,0,42,0.159932800691289,0.0239899201036934
142,"b18dc380845b24038cfc48006478f099",0.199155129046888,0.162790697674419,0.434108527131783,0.173643410852713,0,0,0,0,0,0,44,0.170078121294499,0.0255117181941748
143,"17e34d8224d27a541263c4c64b11a56b",0.197924078458656,0.0850202429149798,0.226720647773279,0.0906882591093117,0.00784313725490196,0.0941176470588235,0.0235294117647059,0,0,0,255,0.558042717230922,0.0837064075846384
144,"b561927807645834b59ef0d16ba55a24",0.197780420506487,0.141176470588235,0.376470588235294,0.150588235294118,0,0,0,0,0,0,85,0.314614568082462,0.0471921852123693
145,"82bd0703a4aefd6b599e5bfdaed378fb",0.197747677555342,0.05,0.133333333333333,0.0533333333333333,0.0476190476190476,0.571428571428571,0.142857142857143,0,0,0,21,0.0103813424324359,0.00155720136486538
146,"e9779976487b77c6d4ac45f75ec7afe9",0.197598896322831,0.0728682170542636,0.194315245478036,0.0777260981912145,0.0015220700152207,0.0182648401826484,0.0045662100456621,0,0,0,657,0.768710587239693,0.115306588085954
147,"900ba814c251a692506d7834c1218441",0.197177179855954,0.13953488372093,0.372093023255814,0.148837209302326,0,0,0,0,0,0,88,0.322266470357526,0.0483399705536289
148,"f3da5b2ff499efb8d4a6d371d175d7dd",0.197152290751746,0.142857142857143,0.380952380952381,0.152380952380952,0,0,0,0,0,0,79,0.298475589138627,0.0447713383707941
149,"323ce52b5b81df2cd804b017b7f09aa7",0.196944908886263,0.172413793103448,0.459770114942529,0.183908045977012,0,0,0,0,0,0,30,0.0869124193950093,0.0130368629092514
150,"59b22a78efb79a4797979612b885db36",0.196510318571051,0.128,0.341333333333333,0.136533333333333,0,0,0,0,0,0,125,0.399846568251454,0.0599769852377181
151,"8e6cc767478edae941d9bd9eb778d77a",0.196442697873336,0.08,0.213333333333333,0.0853333333333333,0.0188679245283019,0.226415094339623,0.0566037735849057,0,0,0,106,0.363370606367313,0.0545055909550969
152,"c826c40d7b19f62a09e2d7c5e7295ee2",0.196384445000397,0.0953757225433526,0.254335260115607,0.101734104046243,0,0,0,0,0,0,354,0.631002273027694,0.0946503409541541
153,"7d76b645482be4a332374e8223836592",0.195384658167214,0.116279069767442,0.310077519379845,0.124031007751938,0,0,0,0,0,0,176,0.475691002768509,0.0713536504152764
154,"23613d49c3ac2bd302259e55c06c050c",0.195365721713971,0.144927536231884,0.386473429951691,0.154589371980676,0,0,0,0,0,0,70,0.271842331555298,0.0407763497332948
155,"46dc3b2cc0980fb8ec44634e21d2718e",0.194810746477051,0.0656063618290258,0.174950298210736,0.0699801192842942,0.00575815738963532,0.0690978886756238,0.017274472168906,0,0,0,521,0.717041033492337,0.107556155023851
156,"0dd184061fb0eaa7ca37932c68ab91c5",0.194269349524341,0.118012422360248,0.314699792960663,0.125879917184265,0,0,0,0,0,0,161,0.455929548933839,0.0683894323400758
157,"3078096983cf766a32a06257648502d1",0.193979300679579,0.0535714285714286,0.142857142857143,0.0571428571428571,0.0338983050847458,0.406779661016949,0.101694915254237,0,0,0,59,0.234276855216563,0.0351415282824845
158,"de23c3b98a88888289c6f5cc1209054a",0.19330047131967,0.0993788819875776,0.265010351966874,0.106004140786749,0.00609756097560976,0.0731707317073171,0.0182926829268293,0,0,0,164,0.46002431737394,0.069003647606091
159,"f84fa566034f5e8e880a07ec624c56af",0.193269925391639,0.134831460674157,0.359550561797753,0.143820224719101,0,0,0,0,0,0,91,0.329664671150255,0.0494497006725383
160,"a888faf2d1baececa6baf9c3d603ee1f",0.193235216785225,0.150943396226415,0.40251572327044,0.161006289308176,0,0,0,0,0,0,54,0.214859516513659,0.0322289274770489
161,"3c03b12bab54d8b37d79d914bfdb1aa0",0.192825065126236,0.162162162162162,0.432432432432432,0.172972972972973,0,0,0,0,0,0,37,0.132347281021757,0.0198520921532635
162,"0be8ff43f22e456b4e0371b2245e4d01",0.192666121834157,0.0641025641025641,0.170940170940171,0.0683760683760684,0.0186335403726708,0.22360248447205,0.0559006211180124,0,0,0,161,0.455929548933839,0.0683894323400758
163,"ef506c96320abeedfb894c34db06f478",0.192093352281522,0.0854430379746835,0.227848101265823,0.0911392405063291,0.00308641975308642,0.037037037037037,0.00925925925925926,0,0,0,324,0.611299016772889,0.0916948525159334
164,"4c2b230173bb36f9b240f2b8ac11786e",0.191975436978718,0.10077519379845,0.268733850129199,0.10749354005168,0,0,0,0,0,0,261,0.563212646180253,0.084481896927038
165,"a1043bafd471dff536d0c462352beb48",0.191587801321269,0.056980056980057,0.151946818613485,0.0607787274453941,0.00417827298050139,0.0501392757660167,0.0125348189415042,0,0,0,718,0.788495032895807,0.118274254934371
166,"f262cbc1c910c83959f849465454ddd3",0.191462789307459,0.0952380952380952,0.253968253968254,0.101587301587302,0.00520833333333333,0.0625,0.015625,0,0,0,192,0.495003251467714,0.0742504877201571
167,"1127b7f2594683f2510f1c2c834a486b",0.191273228661692,0.0272727272727273,0.0727272727272727,0.0290909090909091,0.0350877192982456,0.421052631578947,0.105263157894737,0,0,0,114,0.379461077840306,0.0569191616760458
168,"5343d0649eca2a983820bfe93fc4d17e",0.19016471009277,0.1,0.266666666666667,0.106666666666667,0.0140845070422535,0.169014084507042,0.0422535211267606,0,0,0,71,0.274963481995621,0.0412445222993432
169,"e7df4cd29ab5abab70fb0783ddb53987",0.189977048547113,0.173913043478261,0.463768115942029,0.185507246376812,0,0,0,0,0,0,23,0.0297986811353401,0.00446980217030101
170,"ff1fb4c404b2efe68b03350a8dc24122",0.189286170401261,0.152173913043478,0.405797101449275,0.16231884057971,0,0,0,0,0,0,46,0.179782198810342,0.0269673298215513
171,"432c37c9dfba871172ec162e20118b8c",0.189154418095596,0.0909090909090909,0.242424242424242,0.096969696969697,0.0217391304347826,0.260869565217391,0.0652173913043478,0,0,0,46,0.179782198810342,0.0269673298215513
172,"7e93a43ef30c4f03f38b393420bc753a",0.188810910349569,0.0564263322884013,0.150470219435737,0.0601880877742947,0.0119047619047619,0.142857142857143,0.0357142857142857,0,0,0,336,0.619390245739922,0.0929085368609882
173,"37515688008a7a40ac93e3b2e4ab203f",0.188051929544215,0.101321585903084,0.270190895741557,0.108076358296623,0,0,0,0,0,0,228,0.533170474983952,0.0799755712475928
174,"070d165398b553f3b4b851c216b8a358",0.18717266713792,0.161290322580645,0.43010752688172,0.172043010752688,0,0,0,0,0,0,32,0.100864375901544,0.0151296563852317
175,"3f3486b61f45078d4f31ee5e43d8c5bb",0.186498192762462,0.153846153846154,0.41025641025641,0.164102564102564,0,0,0,0,0,0,40,0.149304191065986,0.0223956286598979
176,"f457c46070d02cadd8a68551231220dd",0.18631022077727,0.0615384615384615,0.164102564102564,0.0656410256410256,0.0150753768844221,0.180904522613065,0.0452261306532663,0,0,0,199,0.50295376321985,0.0754430644829776
177,"cee48807215b30a12ca2ca10ffb5f250",0.185671637364682,0.153846153846154,0.41025641025641,0.164102564102564,0,0,0,0,0,0,39,0.143793821747455,0.0215690732621182
178,"cca3071e3e9bb7d12640c9fbe2301306",0.184772799656981,0.0586552217453505,0.156413924654268,0.0625655698617072,0.00140449438202247,0.0168539325842697,0.00421348314606742,0,0,0,712,0.786624977661379,0.117993746649207
179,"b1fc4f64df5a0e8b6913ab38803c57a9",0.184411992896033,0.121495327102804,0.32398753894081,0.129595015576324,0,0,0,0,0,0,107,0.36544651546473,0.0548169773197095
180,"4a3ccda38b2129705f3fb522db62ca31",0.184289841739651,0.09375,0.25,0.1,0.0151515151515152,0.181818181818182,0.0454545454545455,0,0,0,66,0.258901975234037,0.0388352962851055
181,"7ecd59e5e20407131822c1a68ac59c1f",0.183614046934728,0.166666666666667,0.444444444444444,0.177777777777778,0,0,0,0,0,0,24,0.0389084610463321,0.00583626915694982
182,"2b1a40c1daabc6ca280c4b815c101841",0.183389433263845,0.0454545454545455,0.121212121212121,0.0484848484848485,0.0434782608695652,0.521739130434783,0.130434782608696,0,0,0,23,0.0297986811353401,0.00446980217030101
183,"fe2032dab1a61af8794248c8196565c9",0.183105936296627,0.0887372013651877,0.236632536973834,0.0946530147895336,0,0,0,0,0,0,294,0.589686143380624,0.0884529215070936
184,"6fd52c528dcb38be2eea044946b811f8",0.182614795486687,0.134328358208955,0.358208955223881,0.143283582089552,0,0,0,0,0,0,67,0.262208089314233,0.039331213397135
185,"522620dcb18a6b31cd7bdf73665113a9",0.182601169289421,0.104651162790698,0.27906976744186,0.111627906976744,0,0,0,0,0,0,174,0.473155082084511,0.0709732623126766
186,"7681ef142fd2c19048da7430856b5588",0.182267965064094,0.137931034482759,0.367816091954023,0.147126436781609,0,0,0,0,0,0,59,0.234276855216563,0.0351415282824845
187,"718539d38d07dd351c76db862760e2e2",0.182014254315426,0,0,0,0.0540540540540541,0.648648648648649,0.162162162162162,0,0,0,37,0.132347281021757,0.0198520921532635
188,"1eade46fba20122dc4aefb379f8c636b",0.181705367067843,0.137931034482759,0.367816091954023,0.147126436781609,0,0,0,0,0,0,58,0.230526201908228,0.0345789302862342
189,"834f8533b2ecb6598dd004ff3de7203a",0.180857027449151,0.146341463414634,0.390243902439024,0.15609756097561,0,0,0,0,0,0,43,0.165063109823609,0.0247594664735413
190,"d05ae8f7a5bd1d2a690a44cd079e4e27",0.179781514252639,0.0909090909090909,0.242424242424242,0.096969696969697,0.0128205128205128,0.153846153846154,0.0384615384615385,0,0,0,78,0.295668525476024,0.0443502788214036
191,"f46490624488d3ff7ce78613913a7711",0.179737863550685,0.125,0.333333333333333,0.133333333333333,0,0,0,0,0,0,83,0.309363534782345,0.0464045302173518
192,"048c2757535328e0d7dac690ad3c0aae",0.1796847336249,0.14,0.373333333333333,0.149333333333333,0,0,0,0,0,0,51,0.202342668610443,0.0303514002915665
193,"92eb0f42c21942b6552362b9b114707d",0.179629077321528,0.0808383233532934,0.215568862275449,0.0862275449101796,0,0,0,0,0,0,341,0.622676882742319,0.0934015324113479
194,"23c38debaffe4a25a30fdbd9b586a13f",0.179299826084286,0.146341463414634,0.390243902439024,0.15609756097561,0,0,0,0,0,0,41,0.154681767391173,0.0232022651086759
195,"50c9975695009e5e6473912e83a6d1da",0.179034736642159,0.14,0.373333333333333,0.149333333333333,0,0,0,0,0,0,50,0.198009355392169,0.0297014033088253
196,"4830e40640734fc1c52cd21127c341d4",0.179009319972511,0.0686274509803922,0.183006535947712,0.073202614379085,0.00952380952380952,0.114285714285714,0.0285714285714286,0,0,0,210,0.514901846813318,0.0772352770219977
197,"7142540dd4c91e2237acb7e911c4eba2",0.178939581668315,0.0822784810126582,0.219409282700422,0.0877637130801688,0,0,0,0,0,0,319,0.607839123920973,0.0911758685881459
198,"2138ccb85b11a4ec1e37afbd1c8eda1f",0.178852561451427,0.0541237113402062,0.144329896907217,0.0577319587628866,0.00757575757575758,0.0909090909090909,0.0227272727272727,0,0,0,396,0.655955533075119,0.0983933299612679
199,"7e3f87d16fb353f408d467e74fbd8014",0.178749311976023,0.120879120879121,0.322344322344322,0.128937728937729,0,0,0,0,0,0,92,0.332077220255291,0.0498115830382936
200,"04308b1ee57b6625f47df1d56f00eedf",0.178060050149505,0.119565217391304,0.318840579710145,0.127536231884058,0,0,0,0,0,0,94,0.33682545510298,0.050523818265447
201,"54a1852d1b8f10312c55e906355666ee",0.17796691877105,0.095959595959596,0.255892255892256,0.102356902356902,0,0,0,0,0,0,200,0.504066776094318,0.0756100164141478
202,"2d50d6282f8aa2257819a77bfaa0efe0",0.177892670575127,0.142857142857143,0.380952380952381,0.152380952380952,0,0,0,0,0,0,44,0.170078121294499,0.0255117181941748
203,"3b872fd4747f01cc56206f2934198618",0.177815801849557,0.16,0.426666666666667,0.170666666666667,0,0,0,0,0,0,25,0.0476609012192705,0.00714913518289057
204,"0ffa40d54288e4f3499b8780dd0f144f",0.177745109904621,0.151515151515152,0.404040404040404,0.161616161616162,0,0,0,0,0,0,33,0.10752632192306,0.016128948288459
205,"0ed6ce5d87fd9c69eaacaeb778d67235",0.177140418854494,0.142857142857143,0.380952380952381,0.152380952380952,0,0,0,0,0,0,43,0.165063109823609,0.0247594664735413
206,"18a349e75d307f4b4cc646a691ed4216",0.176985397731456,0.0642201834862385,0.171253822629969,0.0685015290519878,0.0165289256198347,0.198347107438017,0.0495867768595041,0,0,0,121,0.392647278799759,0.0588970918199638
207,"06579cb253ecd5a3a12a9e6eb6bf8f47",0.176665430511556,0.131147540983607,0.349726775956284,0.139890710382514,0,0,0,0,0,0,62,0.245164800860281,0.0367747201290422
208,"e9d99831abad74458942f21e16f33f92",0.176151426690157,0.107692307692308,0.287179487179487,0.114871794871795,0,0,0,0,0,0,130,0.40853087878908,0.061279631818362
209,"729f06993dac8e860d4f02d7088ca48a",0.176043909209273,0.117021276595745,0.312056737588652,0.124822695035461,0,0,0,0,0,0,96,0.341474761158744,0.0512212141738115
210,"d2374cbcbb3ca4ab1086534108cc3ab7",0.175729982619935,0.0583657587548638,0.155642023346304,0.0622568093385214,0.00190839694656489,0.0229007633587786,0.00572519083969466,0,0,0,524,0.718319882944792,0.107747982441719
211,"d91fb3b7d041e83b64a00a3edfb37e4f",0.175617664130217,0.0629770992366412,0.16793893129771,0.067175572519084,0,0,0,0,0,0,535,0.722947277407555,0.108442091611133
212,"3db66a856d18a9cba7c9241fc5221c50",0.175346513300908,0.117021276595745,0.312056737588652,0.124822695035461,0,0,0,0,0,0,94,0.33682545510298,0.050523818265447
213,"f8db351d8c4c4c22c6835c19a46f01b0",0.1753421106332,0.0515933232169954,0.137582195245321,0.0550328780981285,0.00149925037481259,0.0179910044977511,0.00449775112443778,0,0,0,667,0.772076542737561,0.115811481410634
214,"128639473a139ac0f3e5f5ade55873a5",0.175110124671802,0.0626185958254269,0.166982922201139,0.0667931688804554,0,0,0,0,0,0,533,0.72211303860898,0.108316955791347
215,"5058e8c1e82653974541e83690655b4a",0.174936285969437,0.129032258064516,0.344086021505376,0.137634408602151,0,0,0,0,0,0,63,0.248679182448577,0.0373018773672865
216,"c70c1b0d8ca86052f45a432a38b73958",0.174738307183448,0.0846153846153846,0.225641025641026,0.0902564102564103,0,0,0,0,0,0,261,0.563212646180253,0.084481896927038
217,"53e4c6e0f4312d4d2107a8c9cddf45cd",0.174607645856908,0.0539956803455724,0.143988480921526,0.0575953923686105,0.00422832980972516,0.0507399577167019,0.0126849894291755,0,0,0,473,0.695515093727478,0.104327264059122
218,"e62b2d6ac10570a035a30bafcf01d263",0.174409128731193,0.129032258064516,0.344086021505376,0.137634408602151,0,0,0,0,0,0,62,0.245164800860281,0.0367747201290422
219,"41b39e28db005d9731d9d485a83b4c38",0.17398523187423,0.0641711229946524,0.171122994652406,0.0684491978609626,0.0102564102564103,0.123076923076923,0.0307692307692308,0,0,0,195,0.498445354960242,0.0747668032440364
220,"e96498ed8daaa3e9c23f7a62da76591c",0.173962016189856,0.147058823529412,0.392156862745098,0.156862745098039,0,0,0,0,0,0,34,0.113995140612114,0.0170992710918172
221,"8d79c8a04e42d722a75097ce5cbcf2ef",0.173732374190874,0.153846153846154,0.41025641025641,0.164102564102564,0,0,0,0,0,0,27,0.0641987339220641,0.00962981008830962
222,"d1c281d3ae149232351cd8c8cc885f0d",0.172723292272622,0.088785046728972,0.236760124610592,0.0947040498442368,0,0,0,0,0,0,215,0.520128282855903,0.0780192424283854
223,"3771c85bac139d2344864ede5d9341e3",0.172515011204922,0.153846153846154,0.41025641025641,0.164102564102564,0,0,0,0,0,0,26,0.0560829806823845,0.00841244710235767
224,"406822777a0b9eb5c50e442dd4cd3ec5",0.171701981018408,0.136363636363636,0.363636363636364,0.145454545454545,0,0,0,0,0,0,45,0.174982903759082,0.0262474355638624
225,"903037660cf848a717166eb7a06d616e",0.171701981018408,0.136363636363636,0.363636363636364,0.145454545454545,0,0,0,0,0,0,45,0.174982903759082,0.0262474355638624
226,"dd2bdf855a9172734fbc3744021ae9b9",0.171633430231026,0.0571428571428571,0.152380952380952,0.060952380952381,0.0185185185185185,0.222222222222222,0.0555555555555556,0,0,0,108,0.367503291487267,0.05512549372309
227,"ceaec5548eefc6e23e6607c5435102e7",0.170309048418947,0.0606060606060606,0.161616161616162,0.0646464646464647,0.00985221674876847,0.118226600985222,0.0295566502463054,0,0,0,203,0.507372890174514,0.0761059335261772
228,"f84a00e60c73a49e7e851c9bdca3a5bb",0.170295984442063,0.113636363636364,0.303030303030303,0.121212121212121,0,0,0,0,0,0,90,0.327225754866276,0.0490838632299414
229,"643214e62b870443ccbe55ab29a4dccf",0.170117347567157,0.123076923076923,0.328205128205128,0.131282051282051,0,0,0,0,0,0,66,0.258901975234037,0.0388352962851055
230,"c9c7905cffc4ef9ff9f113554423e671",0.169690494181999,0.102362204724409,0.272965879265092,0.109186351706037,0,0,0,0,0,0,127,0.40336094983975,0.0605041424759624
231,"b14db04aa7881970e83ffa9426897925",0.169481453294275,0.115384615384615,0.307692307692308,0.123076923076923,0,0,0,0,0,0,83,0.309363534782345,0.0464045302173518
232,"34056b8b55c1775a22af2331670a799c",0.169025603496728,0.116883116883117,0.311688311688312,0.124675324675325,0,0,0,0,0,0,78,0.295668525476024,0.0443502788214036
233,"a3e9a2c700480d9bb01fba070ba80a0e",0.168773171870042,0.10077519379845,0.268733850129199,0.10749354005168,0,0,0,0,0,0,130,0.40853087878908,0.061279631818362
234,"3df020b72d3d44b3af9d110fa3940b65",0.168589650954561,0.127272727272727,0.339393939393939,0.135757575757576,0,0,0,0,0,0,55,0.218880501313237,0.0328320751969856
235,"5dceca129747e92ff8ef7a997dc4f8ca",0.167281047892455,0.062111801242236,0.165631469979296,0.0662525879917184,0.00307692307692308,0.0369230769230769,0.00923076923076923,0,0,0,325,0.611984604466447,0.0917976906699671
236,"4371b634e0efc0e22b09b52907d9d469",0.167130458147004,0.0792079207920792,0.211221122112211,0.0844884488448845,0.00980392156862745,0.117647058823529,0.0294117647058824,0,0,0,102,0.354868297308249,0.0532302445962374
237,"fa40cc5b934574b62717c68f3d678b6d",0.166335113266619,0.0625,0.166666666666667,0.0666666666666667,0.00325732899022801,0.0390879478827362,0.00977198697068404,0,0,0,307,0.599309730861787,0.089896459629268
238,"8648b1e89e9b349e32d3741b30ec737e",0.165569672889445,0.10752688172043,0.28673835125448,0.114695340501792,0,0,0,0,0,0,95,0.339162215917686,0.0508743323876528
239,"3ade81dab5a172b88e1871c28ae05260",0.165417815290204,0.142857142857143,0.380952380952381,0.152380952380952,0,0,0,0,0,0,30,0.0869124193950093,0.0130368629092514
240,"972d0f9cf61b499a4812cf0bfa3ad3c4",0.16492304873587,0.111111111111111,0.296296296296296,0.118518518518519,0,0,0,0,0,0,83,0.309363534782345,0.0464045302173518
241,"f27e33c6d29b5138fa9967bcd445b6d5",0.164864935432019,0.10752688172043,0.28673835125448,0.114695340501792,0,0,0,0,0,0,93,0.334463966201515,0.0501695949302272
242,"4c498c7345e89aebad651544829beca0",0.164532485792642,0.127659574468085,0.340425531914894,0.136170212765957,0,0,0,0,0,0,48,0.189081820177897,0.0283622730266845
243,"57c764b4a836300be881e2ff86e449f9",0.164320215554761,0.142857142857143,0.380952380952381,0.152380952380952,0,0,0,0,0,0,29,0.0795950878253904,0.0119392631738086
244,"751bdc4d83a466c7206cd42e8f426b03",0.164255071267899,0.0196078431372549,0.0522875816993464,0.0209150326797386,0.037037037037037,0.444444444444444,0.111111111111111,0,0,0,54,0.214859516513659,0.0322289274770489
245,"14d7985702e72162bbf13b6beb74ab2b",0.163996236297408,0.135135135135135,0.36036036036036,0.144144144144144,0,0,0,0,0,0,37,0.132347281021757,0.0198520921532635
246,"f08c008c8a8d31417763738a1788a2a8",0.163045170455186,0.15,0.4,0.16,0,0,0,0,0,0,22,0.0203011363679097,0.00304517045518645
247,"6a8b085f816a1f75f92dbac6eb545f8f",0.162904142475962,0.096,0.256,0.1024,0,0,0,0,0,0,127,0.40336094983975,0.0605041424759624
248,"cbd996ad3c1b7dc71fd0e5f5df9087e2",0.162539240121614,0.0875,0.233333333333333,0.0933333333333333,0,0,0,0,0,0,165,0.461372711921873,0.0692059067882809
249,"aba1721a889e04decc910aa13b768ef4",0.162067180819761,0.108433734939759,0.289156626506024,0.11566265060241,0,0,0,0,0,0,83,0.309363534782345,0.0464045302173518
250,"4b9750c8ad28220fe6702d4ecb7c898f",0.162044705315477,0.0783410138248848,0.208909370199693,0.0835637480798771,0,0,0,0,0,0,218,0.523206381570669,0.0784809572356004
251,"ececbfcff9804a2d6b40f589df8eef2b",0.161870012253105,0.103092783505155,0.274914089347079,0.109965635738832,0,0,0,0,0,0,98,0.346029176761826,0.0519043765142739
252,"76d5af76d0271110f9af36c92573f765",0.161534186602584,0.09375,0.25,0.1,0,0,0,0,0,0,131,0.41022791068389,0.0615341866025835
253,"7a241947449cc45dbfda4f9d0798d9d0",0.161352293093712,0.0714285714285714,0.19047619047619,0.0761904761904762,0.0161290322580645,0.193548387096774,0.0483870967741935,0,0,0,62,0.245164800860281,0.0367747201290422
254,"9b00ed88b7fdb95d6ff76e27c1b52d16",0.161067071904324,0.0652173913043478,0.173913043478261,0.0695652173913043,0.0212765957446809,0.25531914893617,0.0638297872340426,0,0,0,47,0.184480448526513,0.0276720672789769
255,"45ba18c210d42734ec52c0c1c574e9ee",0.16062133957669,0.0571428571428571,0.152380952380952,0.060952380952381,0.0263157894736842,0.315789473684211,0.0789473684210526,0,0,0,38,0.138143934688379,0.0207215902032569
256,"2e1c9f22be269ef4643f826c9e650a52",0.160448713973205,0.0683229813664596,0.182194616977226,0.0728778467908903,0.00598802395209581,0.0718562874251497,0.0179640718562874,0,0,0,167,0.464045302173518,0.0696067953260277
257,"dd533b429f380718b70ad9922c294bae",0.159954401860813,0.128205128205128,0.341880341880342,0.136752136752137,0,0,0,0,0,0,41,0.154681767391173,0.0232022651086759
258,"213b25e6f54661939f11710a6fddb871",0.158354190596047,0.0855263157894737,0.228070175438597,0.0912280701754386,0,0,0,0,0,0,155,0.447507469470725,0.0671261204206087
259,"2a84855fd20af891be03bc5924d2b453",0.158290298537116,0.032258064516129,0.0860215053763441,0.0344086021505376,0.0182926829268293,0.219512195121951,0.0548780487804878,0,0,0,164,0.46002431737394,0.069003647606091
260,"165fc07beebdcb6190fba8a06db2a449",0.157701403308825,0.12,0.32,0.128,0,0,0,0,0,0,50,0.198009355392169,0.0297014033088253
261,"1da3aeb70d7989d1e6d9b0e887f97c23",0.157612522018309,0.0574712643678161,0.153256704980843,0.0613026819923372,0.00377358490566038,0.0452830188679245,0.0113207547169811,0,0,0,265,0.566593902059935,0.0849890853089902
262,"38e679b9e0064cd94c6f035707344dae",0.157453479639454,0.037037037037037,0.0987654320987654,0.0395061728395062,0.0357142857142857,0.428571428571429,0.107142857142857,0,0,0,28,0.0720296643806015,0.0108044496570902
263,"00ee68308b45bc5e2660cd833c3f81cc",0.157348293320626,0.0888888888888889,0.237037037037037,0.0948148148148148,0,0,0,0,0,0,135,0.416889856705406,0.0625334785058109
264,"dc8798cbf453b7e0f98745e396cc5616",0.157325377768374,0.0571428571428571,0.152380952380952,0.060952380952381,0.024390243902439,0.292682926829268,0.0731707317073171,0,0,0,41,0.154681767391173,0.0232022651086759
265,"0432ead42b6c8a0bdf68154add917fdf",0.156804810750389,0.0365853658536585,0.0975609756097561,0.0390243902439024,0.0235294117647059,0.282352941176471,0.0705882352941176,0,0,0,85,0.314614568082462,0.0471921852123693
266,"e5a38146df062edaf55c38afa99e42dc",0.156674869597742,0.0916666666666667,0.244444444444444,0.0977777777777778,0,0,0,0,0,0,121,0.392647278799759,0.0588970918199638
267,"9646c3513289980f17226a2fc4720dbd",0.156669438949,0.0289855072463768,0.0772946859903382,0.0309178743961353,0.028169014084507,0.338028169014085,0.0845070422535211,0,0,0,71,0.274963481995621,0.0412445222993432
268,"004c9cd9d87a3c30c522c48c4fc07416",0.156652624641345,0.0833333333333333,0.222222222222222,0.0888888888888889,0,0,0,0,0,0,158,0.451758238349707,0.0677637357524561
269,"cb3dd9ce66268c7a3ca7241ac70ab58c",0.156368069975492,0.0625,0.166666666666667,0.0666666666666667,0.02,0.24,0.06,0,0,0,50,0.198009355392169,0.0297014033088253
270,"1554a68530182680ad5c8b042c3ab563",0.15635639536265,0.0691056910569106,0.184281842818428,0.0737127371273713,0,0,0,0,0,0,247,0.550957721568528,0.0826436582352792
271,"b74d1c09cb380e1d03a6f859c6f4224b",0.156321834480833,0.133333333333333,0.355555555555556,0.142222222222222,0,0,0,0,0,0,31,0.0939974150574042,0.0140996122586106
272,"dbc22125167c298ef99da25668e1011f",0.155855462600327,0.0253807106598985,0.0676818950930626,0.027072758037225,0.00985221674876847,0.118226600985222,0.0295566502463054,0,0,0,406,0.661507028778642,0.0992260543167963
273,"0d85bbda9889ce1f7e63778d24f346eb",0.155841596369998,0.117647058823529,0.313725490196078,0.125490196078431,0,0,0,0,0,0,51,0.202342668610443,0.0303514002915665
274,"527801b552d0077ffd170872eb49683b",0.155750529896608,0.1,0.266666666666667,0.106666666666667,0,0,0,0,0,0,90,0.327225754866276,0.0490838632299414
275,"9674754b5a0cb32b638cec001178f799",0.155441849741836,0.0357142857142857,0.0952380952380952,0.0380952380952381,0.0232558139534884,0.27906976744186,0.0697674418604651,0,0,0,86,0.317194465240883,0.0475791697861324
276,"2156f2671501a81034d7d07f217609d0",0.155426122836139,0.142857142857143,0.380952380952381,0.152380952380952,0,0,0,0,0,0,22,0.0203011363679097,0.00304517045518645
277,"1d8dbc4f32378d715c717c1c1fc57bae",0.155306088532799,0.0989010989010989,0.263736263736264,0.105494505494506,0,0,0,0,0,0,92,0.332077220255291,0.0498115830382936
278,"c8467937e403e76a8ee9f0ab13f6f5ef",0.155259085131474,0.133333333333333,0.355555555555556,0.142222222222222,0,0,0,0,0,0,30,0.0869124193950093,0.0130368629092514
279,"e38db885400cd35c71dfd162f2c1dbcf",0.155259085131474,0.133333333333333,0.355555555555556,0.142222222222222,0,0,0,0,0,0,30,0.0869124193950093,0.0130368629092514
280,"b6d44737c043328708f6749c2dbe50bd",0.155107172094493,0.0655737704918033,0.174863387978142,0.0699453551912568,0.0161290322580645,0.193548387096774,0.0483870967741935,0,0,0,62,0.245164800860281,0.0367747201290422
281,"056b4ada5bbc2c50cc7842547dda6b51",0.154998588160574,0.109375,0.291666666666667,0.116666666666667,0,0,0,0,0,0,65,0.255546143292717,0.0383319214939076
282,"827f8f69dfa529c561901c4f2e0f332f",0.154944206167044,0.0989010989010989,0.263736263736264,0.105494505494506,0,0,0,0,0,0,91,0.329664671150255,0.0494497006725383
283,"ccc4bbb5f32a6ab2b7066a4130f114e3",0.154531280328758,0.0760869565217391,0.202898550724638,0.0811594202898551,0,0,0,0,0,0,187,0.489145733592688,0.0733718600389031
284,"f45122a9ab94eb4f3f8953578bc0c560",0.154531280328758,0.0760869565217391,0.202898550724638,0.0811594202898551,0,0,0,0,0,0,187,0.489145733592688,0.0733718600389031
285,"4d6d651bd7684af3fffabd5f08d12e5a",0.154119828723909,0.046831955922865,0.124885215794307,0.0499540863177227,0.002710027100271,0.032520325203252,0.00813008130081301,0,0,0,369,0.640237740702488,0.0960356611053732
286,"aac29b1b99776be73c3049939652091d",0.154032036088742,0.0957446808510638,0.25531914893617,0.102127659574468,0,0,0,0,0,0,98,0.346029176761826,0.0519043765142739
287,"411f3b52d857390502ee4e4d5ceabc2d",0.153938153745818,0.142857142857143,0.380952380952381,0.152380952380952,0,0,0,0,0,0,21,0.0103813424324359,0.00155720136486538
288,"6edacfd9f9074789dad6d62ba7950b9c",0.153778577898867,0.0585365853658537,0.15609756097561,0.0624390243902439,0.00480769230769231,0.0576923076923077,0.0144230769230769,0,0,0,208,0.512776510570307,0.076916476585546
289,"75fbb52eda0cbc24f479d3b2fbfa8d3e",0.153535979537091,0.0526315789473684,0.140350877192982,0.056140350877193,0.025,0.3,0.075,0,0,0,40,0.149304191065986,0.0223956286598979
290,"edb1ef5e36e0c8cd84eb3c9b003e486d",0.153447355233686,0.0787878787878788,0.21010101010101,0.084040404040404,0,0,0,0,0,0,166,0.462713007955216,0.0694069511932824
291,"7299e27ed73d2ad986de7f7c77d919fa",0.152927620495656,0.0477611940298507,0.127363184079602,0.0509452736318408,0.0029585798816568,0.0355029585798817,0.00887573964497041,0,0,0,338,0.620710714792298,0.0931066072188447
292,"d673a59aac7a70d8b01e6902bf090a11",0.152788216007925,0.10126582278481,0.270042194092827,0.108016877637131,0,0,0,0,0,0,79,0.298475589138627,0.0447713383707941
293,"9f505651f4a6abe901a56cdc21508025",0.152760831729715,0.0508905852417303,0.135708227311281,0.0542832909245123,0,0,0,0,0,0,397,0.656516938701349,0.0984775408052023
294,"ef0ace09169ac090589d85746e3e036f",0.152689793070417,0.0859375,0.229166666666667,0.0916666666666667,0,0,0,0,0,0,129,0.406820842691666,0.0610231264037499
295,"95f83f51203c626648c875dd41874c7f",0.152681323315722,0.06,0.16,0.064,0.0192307692307692,0.230769230769231,0.0576923076923077,0,0,0,52,0.206593437489426,0.0309890156234139
296,"d1b65fc7debc3361ea86b5f14c68d2e2",0.152096483360753,0.0512820512820513,0.136752136752137,0.0547008547008547,0.025,0.3,0.075,0,0,0,40,0.149304191065986,0.0223956286598979
297,"5656537e588803a555b8eb41f07a944b",0.1520648802464,0.0760233918128655,0.202729044834308,0.0810916179337232,0,0,0,0,0,0,174,0.473155082084511,0.0709732623126766
298,"1da366cade6d8276e7d8beea7af5d4bf",0.151743593457668,0.119047619047619,0.317460317460317,0.126984126984127,0,0,0,0,0,0,43,0.165063109823609,0.0247594664735413
299,"dc4a0fc896dc34b0d5bfec8438291c80",0.151522356094229,0.0666666666666667,0.177777777777778,0.0711111111111111,0,0,0,0,0,0,231,0.53607496655412,0.080411244983118
300,"f0b47fbbc6dee9aafe415a6e33051b3f",0.15126267665388,0.104477611940299,0.278606965174129,0.111442786069652,0,0,0,0,0,0,68,0.265465937228191,0.0398198905842287
301,"85d9eb9ddc5d00ca9336a2219c97bb13",0.151148523172895,0.0360721442885772,0.0961923847695391,0.0384769539078156,0.00196463654223969,0.0235756385068762,0.00589390962671906,0,0,0,509,0.711851064255738,0.106777659638361
302,"d71d863e5ef30d94e440c11be17dcd8f",0.151069697956417,0.130434782608696,0.347826086956522,0.139130434782609,0,0,0,0,0,0,29,0.0795950878253904,0.0119392631738086
303,"d9bd94811c3338dceb4181f3dbc0c73e",0.150747445995567,0.111111111111111,0.296296296296296,0.118518518518519,0,0,0,0,0,0,54,0.214859516513659,0.0322289274770489
304,"13d058e4eeac2ce8217660b2f8a05812",0.149924347624846,0.136363636363636,0.363636363636364,0.145454545454545,0,0,0,0,0,0,23,0.0297986811353401,0.00446980217030101
305,"87142160b41353c4e5fca2360caf6f92",0.149131940459112,0.0557377049180328,0.148633879781421,0.0594535519125683,0,0,0,0,0,0,305,0.597855923643623,0.0896783885465435
306,"e59aa562b9f8076dd550fcddf0e73491",0.148988910119768,0.101449275362319,0.270531400966184,0.108212560386473,0,0,0,0,0,0,70,0.271842331555298,0.0407763497332948
307,"f7ccf836d21b2fb1de37564105216cc1",0.148988910119768,0.101449275362319,0.270531400966184,0.108212560386473,0,0,0,0,0,0,70,0.271842331555298,0.0407763497332948
308,"fd386aa7bed2af3c7035c65506c9b4a3",0.148514096586967,0.101449275362319,0.270531400966184,0.108212560386473,0,0,0,0,0,0,69,0.268676908003287,0.0403015362004931
309,"7139dc5186aa238b006e066d8fbab2e4",0.148499715909732,0.136363636363636,0.363636363636364,0.145454545454545,0,0,0,0,0,0,22,0.0203011363679097,0.00304517045518645
310,"7901646fdd36a55f564ffaf2dbccaaf7",0.148499715909732,0.136363636363636,0.363636363636364,0.145454545454545,0,0,0,0,0,0,22,0.0203011363679097,0.00304517045518645
311,"7b1222c3624aa89b9558b50a2594188c",0.148499715909732,0.136363636363636,0.363636363636364,0.145454545454545,0,0,0,0,0,0,22,0.0203011363679097,0.00304517045518645
312,"f62d7bb4a613ec758a03342d46b580b2",0.148462989718565,0.125,0.333333333333333,0.133333333333333,0,0,0,0,0,0,32,0.100864375901544,0.0151296563852317
313,"3c7c4a49ec3c6550809089c6a2ca9370",0.148391084865951,0.079136690647482,0.211031175059952,0.0844124700239808,0,0,0,0,0,0,141,0.426524098946471,0.0639786148419707
314,"5f2684dab12e59f83bef73ae57724e45",0.147619129682853,0.0597014925373134,0.159203980099502,0.063681592039801,0.0147058823529412,0.176470588235294,0.0441176470588235,0,0,0,68,0.265465937228191,0.0398198905842287
315,"5a8e7d5003a1f221f9e1d6e411de7c23",0.14737363974499,0.0583941605839416,0.155717761557178,0.062287104622871,0.00719424460431655,0.0863309352517986,0.0215827338129496,0,0,0,139,0.42335867539446,0.063503801309169
316,"a2e874074c877c5a05abae80ad6e488f",0.147026869709326,0.05,0.133333333333333,0.0533333333333333,0.0227272727272727,0.272727272727273,0.0681818181818182,0,0,0,44,0.170078121294499,0.0255117181941748
317,"001cca7ae9ae17fb1caed9dfb1094831",0.146721127525259,0.0666666666666667,0.177777777777778,0.0711111111111111,0,0,0,0,0,0,200,0.504066776094318,0.0756100164141478
318,"d3f39f05462b79a4562d35893a28f159",0.146392200384746,0.121212121212121,0.323232323232323,0.129292929292929,0,0,0,0,0,0,34,0.113995140612114,0.0170992710918172
319,"d5ba419e26d246a0719437cf37d9b46d",0.146392200384746,0.121212121212121,0.323232323232323,0.129292929292929,0,0,0,0,0,0,34,0.113995140612114,0.0170992710918172
320,"c003204e1ab016dfa150abc119207b24",0.146217752734061,0.0666666666666667,0.177777777777778,0.0711111111111111,0,0,0,0,0,0,197,0.500710944152999,0.0751066416229498
321,"db2956745b3a8e9f3785c99f34b5d25e",0.146190585797495,0.111111111111111,0.296296296296296,0.118518518518519,0,0,0,0,0,0,47,0.184480448526513,0.0276720672789769
322,"17a053fcb14bd219540cbde0df490be0",0.145998490614062,0.0806451612903226,0.21505376344086,0.0860215053763441,0,0,0,0,0,0,125,0.399846568251454,0.0599769852377181
323,"382229d1e840115ffe3dbf5ff460e417",0.14548584834007,0.111111111111111,0.296296296296296,0.118518518518519,0,0,0,0,0,0,46,0.179782198810342,0.0269673298215513
324,"98dac6635aee4995d501a3972e047414",0.145329850485272,0.0898876404494382,0.239700374531835,0.0958801498127341,0,0,0,0,0,0,91,0.329664671150255,0.0494497006725383
325,"562fc2f2c2863ab7e79a9e4388a58a14",0.145077871815627,0.0352941176470588,0.0941176470588235,0.0376470588235294,0.00769230769230769,0.0923076923076923,0.0230769230769231,0,0,0,260,0.562359266101164,0.0843538899151746
326,"977f9f63dd360c2a32ece2f93ad6d306",0.144966703939559,0.130434782608696,0.347826086956522,0.139130434782609,0,0,0,0,0,0,24,0.0389084610463321,0.00583626915694982
327,"a36b125ac6d5fdbc7f50de85c9157bdc",0.144966703939559,0.130434782608696,0.347826086956522,0.139130434782609,0,0,0,0,0,0,24,0.0389084610463321,0.00583626915694982
328,"66922902710d126a0e7d26b0e3805106",0.144478844592838,0.0733333333333333,0.195555555555556,0.0782222222222222,0,0,0,0,0,0,151,0.441710815804102,0.0662566223706153
329,"0241d4d5d36f10f80c644447315af0bd",0.144151391021554,0.0588235294117647,0.156862745098039,0.0627450980392157,0,0,0,0,0,0,238,0.542708619882256,0.0814062929823384
330,"2ff97219cb8622eaf3cd89b7d9c09824",0.143724530463727,0.0574712643678161,0.153256704980843,0.0613026819923372,0.0112359550561798,0.134831460674157,0.0337078651685393,0,0,0,89,0.324759888685672,0.0487139833028508
331,"23a0ffca143a15b9b5bbdb7d552f626a",0.14360023695291,0.130434782608696,0.347826086956522,0.139130434782609,0,0,0,0,0,0,23,0.0297986811353401,0.00446980217030101
332,"681fce914360217db47784ae28905a96",0.14360023695291,0.130434782608696,0.347826086956522,0.139130434782609,0,0,0,0,0,0,23,0.0297986811353401,0.00446980217030101
333,"1336efc61c316ddf92c899eb817f7cae",0.143511890186893,0.0945945945945946,0.252252252252252,0.100900900900901,0,0,0,0,0,0,74,0.284073261906613,0.042610989285992
334,"6860153b69cc696d5dcfe1cdaaafcf62",0.143511890186893,0.0945945945945946,0.252252252252252,0.100900900900901,0,0,0,0,0,0,74,0.284073261906613,0.042610989285992
335,"cd06602b43d8800bd0afad514919d35c",0.143305939476768,0.0465116279069767,0.124031007751938,0.0496124031007752,0.0227272727272727,0.272727272727273,0.0681818181818182,0,0,0,44,0.170078121294499,0.0255117181941748
336,"25e6ffe976bd75618accfe16cefcbd0d",0.143280629991434,0.0566037735849057,0.150943396226415,0.060377358490566,0.00925925925925926,0.111111111111111,0.0277777777777778,0,0,0,108,0.367503291487267,0.05512549372309
337,"25c5c91f63607446a97b143d2d535d31",0.142977410966131,0.0705128205128205,0.188034188034188,0.0752136752136752,0,0,0,0,0,0,158,0.451758238349707,0.0677637357524561
338,"48436dade18ac8b2bce089ec2a041202",0.142865834827355,0.0746268656716418,0.199004975124378,0.0796019900497512,0,0,0,0,0,0,138,0.421758965184024,0.0632638447776036
339,"b335c59ab742f751a85db9c411a86739",0.142593594753106,0.0333333333333333,0.0888888888888889,0.0355555555555556,0.0303030303030303,0.363636363636364,0.0909090909090909,0,0,0,33,0.10752632192306,0.016128948288459
340,"5d0363b33554b373851fc1622e4d5f3c",0.142280090666881,0.0860215053763441,0.229390681003584,0.0917562724014337,0,0,0,0,0,0,94,0.33682545510298,0.050523818265447
341,"850f4f8af5ea87287ac68de36e29107f",0.142189064339978,0.0645161290322581,0.172043010752688,0.0688172043010753,0,0,0,0,0,0,187,0.489145733592688,0.0733718600389031
342,"8a32e327fe2c1b3511609d81aaf9f042",0.141103799517294,0.0317460317460317,0.0846560846560847,0.0338624338624339,0.0151515151515152,0.181818181818182,0.0454545454545455,0,0,0,132,0.411912134668762,0.0617868202003143
343,"53243585a1d6dc2643021fd1853d8905",0.141002412874279,0.0431034482758621,0.114942528735632,0.0459770114942529,0,0,0,0,0,0,358,0.633502675866842,0.0950254013800262
344,"70c27847eca8195c983ed7e798c56743",0.14089355228163,0.0909090909090909,0.242424242424242,0.096969696969697,0,0,0,0,0,0,77,0.292825702079552,0.0439238553119328
345,"de722cd6dad950a92b7d4f82673f8833",0.140682949425116,0.0445103857566766,0.118694362017804,0.0474777448071217,0,0,0,0,0,0,339,0.621368030786629,0.0932052046179943
346,"2528513dd95219a6013d4d05176e391a",0.14035630604608,0.05,0.133333333333333,0.0533333333333333,0.0062111801242236,0.0745341614906832,0.0186335403726708,0,0,0,161,0.455929548933839,0.0683894323400758
347,"ce7d1888639e6fb06b2749cbfdac1ff7",0.140076774547899,0.0897435897435897,0.239316239316239,0.0957264957264957,0,0,0,0,0,0,78,0.295668525476024,0.0443502788214036
348,"11305281b50fff20ae8bb473f8e11876",0.139947019095429,0.114285714285714,0.304761904761905,0.121904761904762,0,0,0,0,0,0,35,0.120281714604449,0.0180422571906673
349,"6fc26fe110feebd80a433e1f012a84f9",0.139947019095429,0.114285714285714,0.304761904761905,0.121904761904762,0,0,0,0,0,0,35,0.120281714604449,0.0180422571906673
350,"8e8a7ce9f2f970dc00e2acf6f6e199f6",0.139919223081209,0.0952380952380952,0.253968253968254,0.101587301587302,0,0,0,0,0,0,65,0.255546143292717,0.0383319214939076
351,"8f119a0aee85c0c8fc534629734e94fd",0.139773783161861,0.0533333333333333,0.142222222222222,0.0568888888888889,0.012987012987013,0.155844155844156,0.038961038961039,0,0,0,77,0.292825702079552,0.0439238553119328
352,"3be634553519fb6536a03e1358e9fdc7",0.139737863550685,0.0875,0.233333333333333,0.0933333333333333,0,0,0,0,0,0,83,0.309363534782345,0.0464045302173518
353,"afe0067131b73e40875c9b6c10bd2e21",0.139592128533307,0.0444444444444444,0.118518518518519,0.0474074074074074,0.0217391304347826,0.260869565217391,0.0652173913043478,0,0,0,46,0.179782198810342,0.0269673298215513
354,"e89c4adbe7b1d0819dbb636e16461cf1",0.139169602490283,0.125,0.333333333333333,0.133333333333333,0,0,0,0,0,0,24,0.0389084610463321,0.00583626915694982
355,"f80edd2c5aaa505cc4b0a3b219abf4b8",0.138726291217877,0.0517241379310345,0.137931034482759,0.0551724137931034,0.00840336134453781,0.100840336134454,0.0252100840336134,0,0,0,119,0.388958622607736,0.0583437933911604
356,"688756f717c462a206ad854c5027a64a",0.1385856001762,0.0864197530864197,0.230452674897119,0.0921810699588477,0,0,0,0,0,0,83,0.309363534782345,0.0464045302173518
357,"5160d23075764e18e07c1f4a87fad743",0.137657797532697,0.0303030303030303,0.0808080808080808,0.0323232323232323,0.0294117647058824,0.352941176470588,0.0882352941176471,0,0,0,34,0.113995140612114,0.0170992710918172
358,"f181738b150df1f37cb0bd72e705b193",0.137477923294356,0.111111111111111,0.296296296296296,0.118518518518519,0,0,0,0,0,0,36,0.12639603183892,0.0189594047758379
359,"cce6ab8d1682639fe45ab70234f1665f",0.137379941379777,0.0491803278688525,0.131147540983607,0.0524590163934426,0.0158730158730159,0.19047619047619,0.0476190476190476,0,0,0,63,0.248679182448577,0.0373018773672865
360,"36a968b544695394e4e9d7572688598f",0.136841824061081,0.0472972972972973,0.126126126126126,0.0504504504504505,0.00649350649350649,0.0779220779220779,0.0194805194805195,0,0,0,154,0.446072360867405,0.0669108541301108
361,"42b729f859728f5079499127a9c2ef37",0.136721887660989,0.0776699029126214,0.207119741100324,0.0828478964401295,0,0,0,0,0,0,104,0.359159941472396,0.0538739912208594
362,"2709af9587499e95e803a6498a5a56e9",0.136412447102358,0.12,0.32,0.128,0,0,0,0,0,0,26,0.0560829806823845,0.00841244710235767
363,"c8417879a15366a17c30af34c798c332",0.136412447102358,0.12,0.32,0.128,0,0,0,0,0,0,26,0.0560829806823845,0.00841244710235767
364,"0176f73cc1195f367f7b32db1e5b3aa8",0.136036905518572,0.108108108108108,0.288288288288288,0.115315315315315,0,0,0,0,0,0,38,0.138143934688379,0.0207215902032569
365,"70eea00b476a314817cefde4aad4f89a",0.135628638377178,0.0754716981132075,0.20125786163522,0.080503144654088,0,0,0,0,0,0,108,0.367503291487267,0.05512549372309
366,"318f287a62ab7ac10b703ac37435a231",0.135564179022107,0.0980392156862745,0.261437908496732,0.104575163398693,0,0,0,0,0,0,52,0.206593437489426,0.0309890156234139
367,"15aac934c58d886785ac1b17953ea898",0.135149135182891,0.12,0.32,0.128,0,0,0,0,0,0,25,0.0476609012192705,0.00714913518289057
368,"198c7ea11960a9844b544d9bcdca860c",0.135149135182891,0.12,0.32,0.128,0,0,0,0,0,0,25,0.0476609012192705,0.00714913518289057
369,"1dc2de47ee26a0a5b12dc14fd6dc0dea",0.135149135182891,0.12,0.32,0.128,0,0,0,0,0,0,25,0.0476609012192705,0.00714913518289057
370,"edf96ef93ed595084bbcbd9224bd2894",0.135149135182891,0.12,0.32,0.128,0,0,0,0,0,0,25,0.0476609012192705,0.00714913518289057
371,"42bde9fef835393bb8a8849cb6b7f245",0.135129091924561,0.0294117647058824,0.0784313725490196,0.0313725490196078,0.0285714285714286,0.342857142857143,0.0857142857142857,0,0,0,35,0.120281714604449,0.0180422571906673
372,"916c9de0b5ad957346eeeb12f332687e",0.134904584778997,0,0,0,0.0434782608695652,0.521739130434783,0.130434782608696,0,0,0,23,0.0297986811353401,0.00446980217030101
373,"a420f60ff1aa9acc80d0e42959f2b313",0.134853601456836,0.0895522388059701,0.238805970149254,0.0955223880597015,0,0,0,0,0,0,67,0.262208089314233,0.039331213397135
374,"a3a38f4affed601eb87a97788c949667",0.13457141046594,0.047808764940239,0.127490039840637,0.050996015936255,0,0,0,0,0,0,254,0.557169296864565,0.0835753945296847
375,"6d66611d7c44cc30ce351abc49a68421",0.134447601599786,0.0609756097560976,0.16260162601626,0.0650406504065041,0,0,0,0,0,0,166,0.462713007955216,0.0694069511932824
376,"1c129092bf23f28a5930387c980c0dfc",0.134442806463011,0.055,0.146666666666667,0.0586666666666667,0,0,0,0,0,0,201,0.505174265308962,0.0757761397963443
377,"bd0389da23d89b726abf911cccc54596",0.133785486371489,0.0804597701149425,0.21455938697318,0.085823754789272,0,0,0,0,0,0,87,0.319744877214781,0.0479617315822172
378,"9b013e03b2ab786505a1d3b5c0756754",0.133718360351892,0.0588235294117647,0.156862745098039,0.0627450980392157,0,0,0,0,0,0,174,0.473155082084511,0.0709732623126766
379,"669ae81880e08f269a64487cfb287169",0.133490755674013,0.0434782608695652,0.115942028985507,0.0463768115942029,0.00617283950617284,0.0740740740740741,0.0185185185185185,0,0,0,162,0.457302837075274,0.0685954255612911
380,"c9aafcd0621b2207c10e32c649cada4d",0.132178384860842,0.1,0.266666666666667,0.106666666666667,0,0,0,0,0,0,44,0.170078121294499,0.0255117181941748
381,"bd23da7354813347129d751591d1a6e2",0.132034251572165,0.0465116279069767,0.124031007751938,0.0496124031007752,0.0112359550561798,0.134831460674157,0.0337078651685393,0,0,0,89,0.324759888685672,0.0487139833028508
382,"0c8380b62e38e8a1e6adbeba7eb9688c",0.131728806099589,0.0555555555555556,0.148148148148148,0.0592592592592593,0,0,0,0,0,0,182,0.483130312268867,0.0724695468403301
383,"640e21a7d01df7614a3b4923e990d40c",0.131699208883024,0.0695652173913043,0.185507246376812,0.0742028985507246,0,0,0,0,0,0,116,0.38330873554866,0.0574963103322991
384,"06df0c10d34e459d9672bc77388742eb",0.131489370179281,0.115384615384615,0.307692307692308,0.123076923076923,0,0,0,0,0,0,26,0.0560829806823845,0.00841244710235767
385,"77a515caa36327151d1cc6c32a9f00e1",0.131489370179281,0.115384615384615,0.307692307692308,0.123076923076923,0,0,0,0,0,0,26,0.0560829806823845,0.00841244710235767
386,"e067ad2c1c0b48758eb1b5228bcf7a68",0.130994359575814,0.0925925925925926,0.246913580246914,0.0987654320987654,0,0,0,0,0,0,54,0.214859516513659,0.0322289274770489
387,"e6a69c4a27dfdd98ffe5aa757ad744bc",0.13083626915695,0,0,0,0.0416666666666667,0.5,0.125,0,0,0,24,0.0389084610463321,0.00583626915694982
388,"ca3bd7cd9f149df75950150d010fe4a2",0.130556866955516,0.0441176470588235,0.117647058823529,0.0470588235294118,0.0140845070422535,0.169014084507042,0.0422535211267606,0,0,0,71,0.274963481995621,0.0412445222993432
389,"7ea5bfa6c340f58f8e71fc1f0412b0d6",0.129682154292052,0.0729166666666667,0.194444444444444,0.0777777777777778,0,0,0,0,0,0,98,0.346029176761826,0.0519043765142739
390,"59fb871bf6f4522a87ba567b42dafecf",0.1296182953456,0.0650406504065041,0.173441734417344,0.0693766937669377,0,0,0,0,0,0,126,0.401610677191084,0.0602416015786625
391,"1a3df491d1c4f1589fc2b934ada68bf2",0.129606795326028,0.05625,0.15,0.06,0,0,0,0,0,0,167,0.464045302173518,0.0696067953260277
392,"6f892e20a171e98efe17fdb971ff319b",0.129576758844581,0.0975609756097561,0.260162601626016,0.104065040650407,0,0,0,0,0,0,44,0.170078121294499,0.0255117181941748
393,"7b07b3c7487f0ea825fc6df75abd658b",0.129314106332803,0.043956043956044,0.117216117216117,0.0468864468864469,0.010752688172043,0.129032258064516,0.032258064516129,0,0,0,93,0.334463966201515,0.0501695949302272
394,"1ce3ae5a399804d1a87e706f8a813c3e",0.129062295326565,0.1,0.266666666666667,0.106666666666667,0,0,0,0,0,0,40,0.149304191065986,0.0223956286598979
395,"537eb890efff034a88679788b647c564",0.128941657281799,0.0569620253164557,0.151898734177215,0.0607594936708861,0,0,0,0,0,0,160,0.454547757406088,0.0681821636109132
396,"7178f9f4dd81dcef02f62acdf8151e01",0.12891121405423,0.0495049504950495,0.132013201320132,0.0528052805280528,0,0,0,0,0,0,203,0.507372890174514,0.0761059335261772
397,"17f51e7198701186712e53a39c564617",0.128662642411725,0.0892857142857143,0.238095238095238,0.0952380952380952,0,0,0,0,0,0,56,0.222830314490865,0.0334245471736298
398,"1f1bb1f0859883505541bdd6606193e5",0.128148328606828,0.111111111111111,0.296296296296296,0.118518518518519,0,0,0,0,0,0,27,0.0641987339220641,0.00962981008830962
399,"3b15288545f8928d3e65a8f949a28291",0.127801383960133,0.0693069306930693,0.184818481848185,0.0739273927392739,0,0,0,0,0,0,104,0.359159941472396,0.0538739912208594
400,"813348c996469b40f2e028d5429d3495",0.127730201899899,0.0523255813953488,0.13953488372093,0.0558139534883721,0,0,0,0,0,0,179,0.479441656076845,0.0719162484115267
401,"01fdefa7697d26ad920e9e0346d4bd1b",0.127689793070417,0.0625,0.166666666666667,0.0666666666666667,0,0,0,0,0,0,129,0.406820842691666,0.0610231264037499
402,"79ebd9a61bac3eaf882805ed4ecfa12a",0.126939109856475,0.0601503759398496,0.160401002506266,0.0641604010025063,0,0,0,0,0,0,136,0.418524725693122,0.0627787088539683
403,"1bb2bdb95f4841f1bba2c0d2cd83d3c9",0.126610551996422,0.0759493670886076,0.20253164556962,0.0810126582278481,0,0,0,0,0,0,81,0.303985958457159,0.0455978937685738
404,"d1ef48b38baca7e831711c4a0aeb398f",0.126224977459523,0.107142857142857,0.285714285714286,0.114285714285714,0,0,0,0,0,0,29,0.0795950878253904,0.0119392631738086
405,"c0563dd588b775f2e37747ef6ad6c92c",0.125090163942805,0.107142857142857,0.285714285714286,0.114285714285714,0,0,0,0,0,0,28,0.0720296643806015,0.0108044496570902
406,"f4aba7c0bca51484c30ab7bdc34bcdd1",0.124869927374016,0.0648148148148148,0.172839506172839,0.0691358024691358,0,0,0,0,0,0,110,0.371560832699201,0.0557341249048801
407,"86ccac0b835037332a596a33b6949ee1",0.12472342210799,0.0337078651685393,0.0898876404494382,0.0359550561797753,0.00555555555555556,0.0666666666666667,0.0166666666666667,0,0,0,180,0.480677995076989,0.0721016992615483
408,"d66c305afaec317ebee552073a674429",0.124443172254589,0.0263157894736842,0.0701754385964912,0.0280701754385965,0.024390243902439,0.292682926829268,0.0731707317073171,0,0,0,41,0.154681767391173,0.0232022651086759
409,"1b4c3a6f53068f0b6944d2d005c9fc89",0.123894079549573,0.0630630630630631,0.168168168168168,0.0672672672672673,0,0,0,0,0,0,113,0.377512081882038,0.0566268122823057
410,"951e8cef368f09bb3f3d03c00ca4702c",0.123842366671418,0.0806451612903226,0.21505376344086,0.0860215053763441,0,0,0,0,0,0,64,0.252139075300494,0.037820861295074
411,"272f092de69afedd4d2969440b37f18f",0.123797062486973,0,0,0,0.0384615384615385,0.461538461538462,0.115384615384615,0,0,0,26,0.0560829806823845,0.00841244710235767
412,"aced59e9b31ef866a94f9e7f29d8d418",0.123670822006998,0.0819672131147541,0.218579234972678,0.087431693989071,0,0,0,0,0,0,61,0.241594186786182,0.0362391280179273
413,"6e386f64c84e482f0b9abf960797ee1b",0.123381690495458,0.103448275862069,0.275862068965517,0.110344827586207,0,0,0,0,0,0,30,0.0869124193950093,0.0130368629092514
414,"c8b0e2b0a7095e5d8219575d5e7e1181",0.122991150591119,0.0714285714285714,0.19047619047619,0.0761904761904762,0,0,0,0,0,0,84,0.312004496004283,0.0468006744006425
415,"715bbd5ba4e6b74cb0d2f29eb45058b0",0.122796225505386,0.0806451612903226,0.21505376344086,0.0860215053763441,0,0,0,0,0,0,62,0.245164800860281,0.0367747201290422
416,"b4a476fbd28de64b1e347abf9089366a",0.122795614955126,0.1,0.266666666666667,0.106666666666667,0,0,0,0,0,0,33,0.10752632192306,0.016128948288459
417,"02f623a8eb246f3c5f7c2f96462654e6",0.122481415163872,0.0909090909090909,0.242424242424242,0.096969696969697,0,0,0,0,0,0,44,0.170078121294499,0.0255117181941748
418,"238fac594e170b59c6d228f5a4f4f1d9",0.122284090760015,0.103448275862069,0.275862068965517,0.110344827586207,0,0,0,0,0,0,29,0.0795950878253904,0.0119392631738086
419,"31da954dc0855f2495c6310f70a2f931",0.122284090760015,0.103448275862069,0.275862068965517,0.110344827586207,0,0,0,0,0,0,29,0.0795950878253904,0.0119392631738086
420,"0509040ea3fe50071181bbc359eb7738",0.122277201693655,0.0689655172413793,0.183908045977011,0.0735632183908046,0,0,0,0,0,0,89,0.324759888685672,0.0487139833028508
421,"4c18691b6037662be2df78a765d98ab5",0.121957962023371,0.0793650793650794,0.211640211640212,0.0846560846560847,0,0,0,0,0,0,63,0.248679182448577,0.0373018773672865
422,"fcb5ace8bcc92f75707dc0f01a27d269",0.121320008993631,0.0338983050847458,0.0903954802259887,0.0361581920903955,0.0161290322580645,0.193548387096774,0.0483870967741935,0,0,0,62,0.245164800860281,0.0367747201290422
423,"e8b4225284fbb02d16f200513f1f395d",0.120766278925277,0.1,0.266666666666667,0.106666666666667,0,0,0,0,0,0,31,0.0939974150574042,0.0140996122586106
424,"9add47bf45ce8e8c7db6b9cf670b1e09",0.120543168496608,0.024390243902439,0.0650406504065041,0.0260162601626016,0.0232558139534884,0.27906976744186,0.0697674418604651,0,0,0,43,0.165063109823609,0.0247594664735413
425,"2bf6a2c1e71bbd29a4ad64e6d3c3629f",0.119703529575918,0.1,0.266666666666667,0.106666666666667,0,0,0,0,0,0,30,0.0869124193950093,0.0130368629092514
426,"b2ac621f0d0322434d04a12b078b9369",0.119703529575918,0.1,0.266666666666667,0.106666666666667,0,0,0,0,0,0,30,0.0869124193950093,0.0130368629092514
427,"d6b1ce66b035a475f00c017792ff9769",0.119376800429598,0.0652173913043478,0.173913043478261,0.0695652173913043,0,0,0,0,0,0,92,0.332077220255291,0.0498115830382936
428,"276677b5d08786d5dce7c2149dcce48b",0.119354754740072,0.0967741935483871,0.258064516129032,0.103225806451613,0,0,0,0,0,0,33,0.10752632192306,0.016128948288459
429,"20cb7c2fde3e5bf10f0bbe7394e1c6a9",0.118355462836845,0.0967741935483871,0.258064516129032,0.103225806451613,0,0,0,0,0,0,32,0.100864375901544,0.0151296563852317
430,"5c6d4016c2a288f074fa0848a2b653d2",0.118355462836845,0.0967741935483871,0.258064516129032,0.103225806451613,0,0,0,0,0,0,32,0.100864375901544,0.0151296563852317
431,"729b2d09b2a0bdab221076327f13d050",0.117927423154515,0.0833333333333333,0.222222222222222,0.0888888888888889,0,0,0,0,0,0,49,0.193590228437505,0.0290385342656257
432,"e26901d5ab434ce92fd9b5c256820a4e",0.117865685998557,0.0253807106598985,0.0676818950930626,0.027072758037225,0.00495049504950495,0.0594059405940594,0.0148514851485149,0,0,0,202,0.50627628541878,0.075941442812817
433,"78c99c6dff4eeae5be99bf635ed21e3f",0.117325418710224,0.0967741935483871,0.258064516129032,0.103225806451613,0,0,0,0,0,0,31,0.0939974150574042,0.0140996122586106
434,"cd6efc47efaabf134f8bdb654e10b4f1",0.117325418710224,0.0967741935483871,0.258064516129032,0.103225806451613,0,0,0,0,0,0,31,0.0939974150574042,0.0140996122586106
435,"56642bcb79900e777d68e91915cb4267",0.117251161915573,0.0833333333333333,0.222222222222222,0.0888888888888889,0,0,0,0,0,0,48,0.189081820177897,0.0283622730266845
436,"d50d79cb34e38265a8649c383dcffd48",0.116966825923771,0.0714285714285714,0.19047619047619,0.0761904761904762,0,0,0,0,0,0,70,0.271842331555298,0.0407763497332948
437,"48162d548f5b1b11b9d29d1e01f75a61",0.116260769966285,0.0303030303030303,0.0808080808080808,0.0323232323232323,0.0147058823529412,0.176470588235294,0.0441176470588235,0,0,0,68,0.265465937228191,0.0398198905842287
438,"a7f13822ceb966b076af67121f87b063",0.116113717992533,0.0684931506849315,0.182648401826484,0.0730593607305936,0,0,0,0,0,0,75,0.287029048412929,0.0430543572619394
439,"73a63f72308aa20a46f4b1632018f196",0.115387539035878,0,0,0,0.0344827586206897,0.413793103448276,0.103448275862069,0,0,0,29,0.0795950878253904,0.0119392631738086
440,"2745f798279e0ed033addcc1474776d7",0.115129656385232,0.09375,0.25,0.1,0,0,0,0,0,0,32,0.100864375901544,0.0151296563852317
441,"3340ef1913fb70d28420f6ceb685c339",0.115129656385232,0.09375,0.25,0.1,0,0,0,0,0,0,32,0.100864375901544,0.0151296563852317
442,"7b0df942f46435babab05d49b744b2c4",0.115129656385232,0.09375,0.25,0.1,0,0,0,0,0,0,32,0.100864375901544,0.0151296563852317
443,"701938c450705b8ae65fc923b70f35c7",0.115126429334012,0.0675675675675676,0.18018018018018,0.0720720720720721,0,0,0,0,0,0,75,0.287029048412929,0.0430543572619394
444,"93dc87703c046b603023e75222018b45",0.115011954160364,0.0909090909090909,0.242424242424242,0.096969696969697,0,0,0,0,0,0,35,0.120281714604449,0.0180422571906673
445,"08633c14ef2db992c11f840f04fad4cd",0.114683061358064,0.0675675675675676,0.18018018018018,0.0720720720720721,0,0,0,0,0,0,74,0.284073261906613,0.042610989285992
446,"e24fc9fcd865784fb25705606fe3dfe7",0.114649146342368,0.0784313725490196,0.209150326797386,0.0836601307189543,0,0,0,0,0,0,52,0.206593437489426,0.0309890156234139
447,"f214d28e8d8e3ef068748498ccc2f813",0.114280209528331,0.0769230769230769,0.205128205128205,0.0820512820512821,0,0,0,0,0,0,54,0.214859516513659,0.0322289274770489
448,"bfd27a966d91cfaafdb25d076585f0da",0.113921546272103,0.0526315789473684,0.140350877192982,0.056140350877193,0,0,0,0,0,0,117,0.385207969299401,0.0577811953949101
449,"624f4ece8da4aafb77699233d480f8ef",0.113665994262316,0.0769230769230769,0.205128205128205,0.0820512820512821,0,0,0,0,0,0,53,0.210764748073557,0.0316147122110336
450,"37be5a7c751166fbc5f8ccba4119e043",0.113615708513878,0.0260223048327138,0.0693928128872367,0.0277571251548947,0,0,0,0,0,0,272,0.572390555726557,0.0858585833589836
451,"c3cfdc648177fdbbbb35635a37472c53",0.113444816356784,0.0251798561151079,0.0671462829736211,0.0268585131894484,0,0,0,0,0,0,278,0.577242021115572,0.0865863031673358
452,"1caf283236cd69af44cbc09a0a1e7d32",0.113098645258156,0.0909090909090909,0.242424242424242,0.096969696969697,0,0,0,0,0,0,33,0.10752632192306,0.016128948288459
453,"26d8a1c7c75d513045798992ead43aa2",0.113077051834661,0.0882352941176471,0.235294117647059,0.0941176470588235,0,0,0,0,0,0,36,0.12639603183892,0.0189594047758379
454,"2a7dc43cecabf23403078e2188437d1d",0.113040297674696,0.0769230769230769,0.205128205128205,0.0820512820512821,0,0,0,0,0,0,52,0.206593437489426,0.0309890156234139
455,"7008613ea464bad5cb9b83456e1e6a8f",0.112536662801166,0.0487804878048781,0.130081300813008,0.0520325203252033,0,0,0,0,0,0,127,0.40336094983975,0.0605041424759624
456,"6a0cbc8af2e8abd1bdfb777943d174c6",0.112159904249491,0.0882352941176471,0.235294117647059,0.0941176470588235,0,0,0,0,0,0,35,0.120281714604449,0.0180422571906673
457,"1e8b33f18b4f7598d87f5cbee2282cc2",0.111900409520046,0.0491803278688525,0.131147540983607,0.0524590163934426,0,0,0,0,0,0,123,0.396275954177355,0.0594413931266032
458,"710e3548e02bc1d2831dfc4f1b5b14d4",0.111633670686029,0.0458015267175573,0.122137404580153,0.0488549618320611,0,0,0,0,0,0,136,0.418524725693122,0.0627787088539683
459,"5b179e9e8cc7ab6fd113a46ca584da81",0.111216918150641,0.0882352941176471,0.235294117647059,0.0941176470588235,0,0,0,0,0,0,34,0.113995140612114,0.0170992710918172
460,"aafe36600ce604f205b86b5084d3d767",0.110635529504525,0.0465116279069767,0.124031007751938,0.0496124031007752,0,0,0,0,0,0,129,0.406820842691666,0.0610231264037499
461,"d650b663c3b5f6fb392b6326366efa9a",0.110548627880879,0.0701754385964912,0.187134502923977,0.0748538011695906,0,0,0,0,0,0,60,0.237965511408586,0.0356948267112879
462,"3ab971ce71839580d2ae5b4e40fe8044",0.110387976204409,0.0857142857142857,0.228571428571429,0.0914285714285714,0,0,0,0,0,0,36,0.12639603183892,0.0189594047758379
463,"6b3bd31ad8fcda4b2635ec9f3ff2ecdf",0.110387976204409,0.0857142857142857,0.228571428571429,0.0914285714285714,0,0,0,0,0,0,36,0.12639603183892,0.0189594047758379
464,"bf84056e679dbe9c69929847a40e338f",0.110387976204409,0.0857142857142857,0.228571428571429,0.0914285714285714,0,0,0,0,0,0,36,0.12639603183892,0.0189594047758379
465,"e8f6dc8e6a1dcde89d20e3995c8d90b3",0.110387976204409,0.0857142857142857,0.228571428571429,0.0914285714285714,0,0,0,0,0,0,36,0.12639603183892,0.0189594047758379
466,"4992e76a42cb3aad7a7047e0d3d7e729",0.110197190956242,0.0714285714285714,0.19047619047619,0.0761904761904762,0,0,0,0,0,0,57,0.226711431771774,0.0340067147657661
467,"dbd66278cbfe1aa1000f90a217ca4695",0.109937283251585,0.0588235294117647,0.156862745098039,0.0627450980392157,0,0,0,0,0,0,85,0.314614568082462,0.0471921852123693
468,"8a130737016f838139d31878787a39c9",0.109615023364106,0.0714285714285714,0.19047619047619,0.0761904761904762,0,0,0,0,0,0,56,0.222830314490865,0.0334245471736298
469,"95e03ca3d4146e4011985981aeb959b9",0.108373299016474,0.0348837209302326,0.0930232558139535,0.0372093023255814,0,0,0,0,0,0,175,0.474426644605954,0.0711639966908931
470,"0b90b6df587eb83608a64ea8b390cf07",0.108267451287073,0.0368098159509202,0.098159509202454,0.0392638036809816,0,0,0,0,0,0,164,0.46002431737394,0.069003647606091
471,"6d803cb79cc31c41c4c789a75933b3c7",0.108142148677039,0.0689655172413793,0.183908045977011,0.0735632183908046,0,0,0,0,0,0,58,0.230526201908228,0.0345789302862342
472,"dee656f0f566ed1aa85bd137c943f08f",0.108140609422981,0.0543478260869565,0.144927536231884,0.0579710144927536,0,0,0,0,0,0,93,0.334463966201515,0.0501695949302272
473,"32b8764b4ef628b53608fc34011fcc13",0.107848293664727,0.0833333333333333,0.222222222222222,0.0888888888888889,0,0,0,0,0,0,36,0.12639603183892,0.0189594047758379
474,"99002261c568a84cce14d43fcffb43ea",0.107848293664727,0.0833333333333333,0.222222222222222,0.0888888888888889,0,0,0,0,0,0,36,0.12639603183892,0.0189594047758379
475,"058fd0aa2bfdb2274e05e1ae971dabb6",0.107350239129038,0.0666666666666667,0.177777777777778,0.0711111111111111,0,0,0,0,0,0,61,0.241594186786182,0.0362391280179273
476,"8a432f4e5b471f8da497d7dc517666e2",0.107014683264846,0.0526315789473684,0.140350877192982,0.056140350877193,0,0,0,0,0,0,95,0.339162215917686,0.0508743323876528
477,"cfe94489ddd337d1e29e12f2a7205d10",0.106666666666667,0.1,0.266666666666667,0.106666666666667,0,0,0,0,0,0,20,0,0
478,"d3674f271c91f824f82d24d92011f669",0.106666666666667,0.1,0.266666666666667,0.106666666666667,0,0,0,0,0,0,20,0,0
479,"282f23a9769b2690c5dda22e316f9941",0.106662568081785,0.0510204081632653,0.136054421768707,0.054421768707483,0,0,0,0,0,0,99,0.348271995828678,0.0522407993743017
480,"daeb5653dd96c1b11860f72209795012",0.106606154975687,0.0789473684210526,0.210526315789474,0.0842105263157895,0,0,0,0,0,0,40,0.149304191065986,0.0223956286598979
481,"116ccb1a1604bc88e4d234a8c23f33de",0.106184483209184,0.0655737704918033,0.174863387978142,0.0699453551912568,0,0,0,0,0,0,61,0.241594186786182,0.0362391280179273
482,"4e17c65a516f69d023a2ae78b84f28d6",0.106184483209184,0.0655737704918033,0.174863387978142,0.0699453551912568,0,0,0,0,0,0,61,0.241594186786182,0.0362391280179273
483,"4559697a8f7e637227c2eeaed843baff",0.106041202154975,0.0769230769230769,0.205128205128205,0.0820512820512821,0,0,0,0,0,0,42,0.159932800691289,0.0239899201036934
484,"febab0275244b9a49a623f0bd613ca2f",0.10574565799453,0.0471698113207547,0.125786163522013,0.050314465408805,0,0,0,0,0,0,109,0.369541283904832,0.0554311925857248
485,"05d2173d43ea568aa0540eba70d2ca76",0.105591924430117,0.0645161290322581,0.172043010752688,0.0688172043010753,0,0,0,0,0,0,62,0.245164800860281,0.0367747201290422
486,"5f1dc28029d2c244352a68107ec2b542",0.105591924430117,0.0645161290322581,0.172043010752688,0.0688172043010753,0,0,0,0,0,0,62,0.245164800860281,0.0367747201290422
487,"00fc707aaaad2d31347cf883cd2dfe10",0.105333600675323,0.0485436893203883,0.129449838187702,0.0517799352750809,0,0,0,0,0,0,103,0.357024436001616,0.0535536654002424
488,"5b925e1d006e9476d738aa200751b73b",0.105026745092154,0.0634920634920635,0.169312169312169,0.0677248677248677,0,0,0,0,0,0,63,0.248679182448577,0.0373018773672865
489,"96493fab2fbb13a14d0c0e8772eef5c3",0.105026745092154,0.0634920634920635,0.169312169312169,0.0677248677248677,0,0,0,0,0,0,63,0.248679182448577,0.0373018773672865
490,"8cbac7e12637ed9cffa18c7875207478",0.1039776780436,0.0606060606060606,0.161616161616162,0.0646464646464647,0,0,0,0,0,0,67,0.262208089314233,0.039331213397135
491,"e49c26c3edfa46d227d5121a6b6e4d37",0.103756542904953,0,0,0,0.0285714285714286,0.342857142857143,0.0857142857142857,0,0,0,35,0.120281714604449,0.0180422571906673
492,"c33847515fa6305ce6feb1e818569f13",0.10370278740704,0.043859649122807,0.116959064327485,0.0467836257309941,0,0,0,0,0,0,114,0.379461077840306,0.0569191616760458
493,"55a5b51f93f2b70ea513f5a047b0262a",0.1036203553134,0.0769230769230769,0.205128205128205,0.0820512820512821,0,0,0,0,0,0,39,0.143793821747455,0.0215690732621182
494,"b94cc9f10ddc85e4ba73a6f7974e7101",0.1036203553134,0.0769230769230769,0.205128205128205,0.0820512820512821,0,0,0,0,0,0,39,0.143793821747455,0.0215690732621182
495,"834f3294fba9f932f56edc879193f925",0.10348176093157,0.0606060606060606,0.161616161616162,0.0646464646464647,0,0,0,0,0,0,66,0.258901975234037,0.0388352962851055
496,"080102cd0a76b09e0dcf55fcacc60e05",0.103426107372345,0.040983606557377,0.109289617486339,0.0437158469945355,0,0,0,0,0,0,124,0.398068402518728,0.0597102603778092
497,"1c40343cc5d18c2d8248ac2f3366de34",0.103144502952167,0.0952380952380952,0.253968253968254,0.101587301587302,0,0,0,0,0,0,21,0.0103813424324359,0.00155720136486538
498,"6b15924333bd1a741595fe981ea04822",0.103144502952167,0.0952380952380952,0.253968253968254,0.101587301587302,0,0,0,0,0,0,21,0.0103813424324359,0.00155720136486538
499,"a5a1bfcf728ab0e19182959cf0771ee4",0.103144502952167,0.0952380952380952,0.253968253968254,0.101587301587302,0,0,0,0,0,0,21,0.0103813424324359,0.00155720136486538
500,"af4a0e4cfe1d9c26b6712b1be25a72e5",0.103144502952167,0.0952380952380952,0.253968253968254,0.101587301587302,0,0,0,0,0,0,21,0.0103813424324359,0.00155720136486538
501,"f4db9b37944bcb8873e6b456ee190bbf",0.103144502952167,0.0952380952380952,0.253968253968254,0.101587301587302,0,0,0,0,0,0,21,0.0103813424324359,0.00155720136486538
502,"cab85505710c7cb9b720bceb52b01cee",0.103128607396521,0.0248756218905473,0.066334991708126,0.0265339966832504,0,0,0,0,0,0,206,0.510630738088472,0.0765946107132709
503,"e333046ce6517bd8bb510291d44f0130",0.102564988623444,0.0588235294117647,0.156862745098039,0.0627450980392157,0,0,0,0,0,0,68,0.265465937228191,0.0398198905842287
504,"6c7d50c24b3ccd2fd83b44d8bb34e073",0.102282570197349,0.0178571428571429,0.0476190476190476,0.019047619047619,0.0087719298245614,0.105263157894737,0.0263157894736842,0,0,0,114,0.379461077840306,0.0569191616760458
505,"db4350fd57ae30082dec7acbaacc17f9",0.102237841967414,0.0367647058823529,0.0980392156862745,0.0392156862745098,0,0,0,0,0,0,137,0.420147704619364,0.0630221556929046
506,"44073f8b7e41514de3b7815dd0237f4f",0.102237126323959,0.0352112676056338,0.0938967136150235,0.0375586854460094,0,0,0,0,0,0,144,0.431189605852997,0.0646784408779496
507,"0db783cfcd3b73998abc6e10e59a102f",0.102190860604355,0.0378787878787879,0.101010101010101,0.0404040404040404,0,0,0,0,0,0,132,0.411912134668762,0.0617868202003143
508,"b76dba6c951ab00dc4edf0a1aa88037e",0.101943879487963,0.0318471337579618,0.0849256900212314,0.0339702760084926,0,0,0,0,0,0,159,0.4531573565298,0.06797360347947
509,"5cf13accae3222c70a9cac40818ae839",0.101849290430704,0.0337837837837838,0.0900900900900901,0.036036036036036,0,0,0,0,0,0,149,0.438755029297786,0.0658132543946679
510,"1c68394e931a64f90ea236c5ea590300",0.101772205061182,0.0352112676056338,0.0938967136150235,0.0375586854460094,0,0,0,0,0,0,142,0.42809013076782,0.064213519615173
511,"81a1104df0f08b59c68aa5b03cfe398e",0.101420929143773,0.0555555555555556,0.148148148148148,0.0592592592592593,0,0,0,0,0,0,73,0.281077799230093,0.0421616698845139
512,"e8b3a3a38279a82f0e5d006d5e5b7d2c",0.101295064915551,0.05,0.133333333333333,0.0533333333333333,0,0,0,0,0,0,87,0.319744877214781,0.0479617315822172
513,"43f8c9950d11ecd03a0304a49e010da6",0.101251045596481,0.0731707317073171,0.195121951219512,0.0780487804878049,0,0,0,0,0,0,41,0.154681767391173,0.0232022651086759
514,"516e7738bd8f735ac19a010ee5450d8d",0.101149587069574,0.0540540540540541,0.144144144144144,0.0576576576576577,0,0,0,0,0,0,76,0.289946196079441,0.0434919294119162
515,"5f3ae9136c875522250f8184f253413a",0.100949942664017,0.0714285714285714,0.19047619047619,0.0761904761904762,0,0,0,0,0,0,43,0.165063109823609,0.0247594664735413
516,"12b9676b00f60f3b700e83af21824c0e",0.10079580097866,0.0150375939849624,0.0401002506265664,0.0160401002506266,0.00740740740740741,0.0888888888888889,0.0222222222222222,0,0,0,135,0.416889856705406,0.0625334785058109
517,"1f9ab4708f3056ede07124aad39a2554",0.100490629698597,0.0526315789473684,0.140350877192982,0.056140350877193,0,0,0,0,0,0,78,0.295668525476024,0.0443502788214036
518,"ad420dd0c4f92f8af951ac24b86d0cf5",0.10018039629417,0.0714285714285714,0.19047619047619,0.0761904761904762,0,0,0,0,0,0,42,0.159932800691289,0.0239899201036934
519,"c013e57c075a06e5b5c48ee03c525719",0.10018039629417,0.0714285714285714,0.19047619047619,0.0761904761904762,0,0,0,0,0,0,42,0.159932800691289,0.0239899201036934
520,"503c1de08ae81a2d86f17951b204db55",0.100014867424883,0.0909090909090909,0.242424242424242,0.096969696969697,0,0,0,0,0,0,22,0.0203011363679097,0.00304517045518645
521,"55f7a3319d80f7fdf078b8f03e6725fe",0.100014867424883,0.0909090909090909,0.242424242424242,0.096969696969697,0,0,0,0,0,0,22,0.0203011363679097,0.00304517045518645
522,"7f2617c58d5d06806987308b45654351",0.100014867424883,0.0909090909090909,0.242424242424242,0.096969696969697,0,0,0,0,0,0,22,0.0203011363679097,0.00304517045518645
523,"fb89df7f89fd1b8f03fa2acca1ba7364",0.100014867424883,0.0909090909090909,0.242424242424242,0.096969696969697,0,0,0,0,0,0,22,0.0203011363679097,0.00304517045518645
524,"670c26e0f1bf8d0576271d5cfaec6d2b",0.099761534232659,0.051948051948052,0.138528138528139,0.0554112554112554,0,0,0,0,0,0,78,0.295668525476024,0.0443502788214036
525,"0ea22c1cfbdc755f86b9b54b39c16043",0.099499559677804,0.0170940170940171,0.0455840455840456,0.0182336182336182,0,0,0,0,0,0,237,0.541772942961239,0.0812659414441858
526,"4e7c18b98d84e05cbae3ff0ff03846c2",0.0986785387989465,0.0493827160493827,0.131687242798354,0.0526748971193416,0,0,0,0,0,0,82,0.3066909445307,0.046003641679605
527,"8cc6a0e5738e61a87b03c78b2ba9db4b",0.0985898923453556,0.0869565217391304,0.231884057971014,0.0927536231884058,0,0,0,0,0,0,24,0.0389084610463321,0.00583626915694982
528,"157c3e4b42f81ac4a44e8b1ca2fe9876",0.0972234253587068,0.0869565217391304,0.231884057971014,0.0927536231884058,0,0,0,0,0,0,23,0.0297986811353401,0.00446980217030101
529,"244c2f1bff6afe1f2eaf9bfe9b2aed38",0.0972234253587068,0.0869565217391304,0.231884057971014,0.0927536231884058,0,0,0,0,0,0,23,0.0297986811353401,0.00446980217030101
530,"fdb9095204a334cd8872252ffec6f2db",0.0965325472128557,0.0652173913043478,0.173913043478261,0.0695652173913043,0,0,0,0,0,0,46,0.179782198810342,0.0269673298215513
531,"80e6699fe29150b372a0c8a1ebf7dcc8",0.0963488209587183,0.0416666666666667,0.111111111111111,0.0444444444444444,0,0,0,0,0,0,98,0.346029176761826,0.0519043765142739
532,"0afccdb8a34ee5c79f7c06faf2b4d56e",0.0960380240717795,0.0833333333333333,0.222222222222222,0.0888888888888889,0,0,0,0,0,0,25,0.0476609012192705,0.00714913518289057
533,"9d4db00d65d7760644ac0c14edb5fd86",0.0958906308098065,0.0412371134020619,0.109965635738832,0.0439862542955326,0,0,0,0,0,0,98,0.346029176761826,0.0519043765142739
534,"d94a40fd42351c259927028d163af842",0.0955703350841679,0.04,0.106666666666667,0.0426666666666667,0,0,0,0,0,0,101,0.352691122783342,0.0529036684175012
535,"d98eec89afa3380e14463da2aabaea72",0.0952022788300236,0.0238095238095238,0.0634920634920635,0.0253968253968254,0,0,0,0,0,0,168,0.465369689554655,0.0698054534331982
536,"0df3984f9dfb3d49ac6366acbd3bbb85",0.0948475909781007,0.0116279069767442,0.0310077519379845,0.0124031007751938,0.0114942528735632,0.137931034482759,0.0344827586206897,0,0,0,87,0.319744877214781,0.0479617315822172
537,"2e13c71026e1a39ba5cc1b86dcb679aa",0.0947251580458387,0.0833333333333333,0.222222222222222,0.0888888888888889,0,0,0,0,0,0,24,0.0389084610463321,0.00583626915694982
538,"b83cedfb587e7911540e3f576d6917ce",0.0947251580458387,0.0833333333333333,0.222222222222222,0.0888888888888889,0,0,0,0,0,0,24,0.0389084610463321,0.00583626915694982
539,"dbb9b48c841a0e39e21f98e1a6b2ec3e",0.0946316665625961,0.037037037037037,0.0987654320987654,0.0395061728395062,0,0,0,0,0,0,108,0.367503291487267,0.05512549372309
540,"7722b1df1b0e383e000397b2c11e3e19",0.0943666388244702,0.0300751879699248,0.0802005012531328,0.0320802005012531,0,0,0,0,0,0,134,0.41524292215478,0.0622864383232171
541,"7202e2ba20579a9bd1acb29e61fe71f6",0.0943598102502493,0.0588235294117647,0.156862745098039,0.0627450980392157,0,0,0,0,0,0,53,0.210764748073557,0.0316147122110336
542,"f7496d659ca9fdaf323c0aae84176632",0.093745780435691,0.08,0.213333333333333,0.0853333333333333,0,0,0,0,0,0,26,0.0560829806823845,0.00841244710235767
543,"09f952a5f58d2285b0372551ae8f9b01",0.0937014033088253,0.06,0.16,0.064,0,0,0,0,0,0,50,0.198009355392169,0.0297014033088253
544,"df560393f3a51e74553ab94004ba5c87",0.0928557317083723,0.0769230769230769,0.205128205128205,0.0820512820512821,0,0,0,0,0,0,28,0.0720296643806015,0.0108044496570902
545,"d9a84e1403de8da0c3aa531d6d108ba6",0.0926062859676149,0.0566037735849057,0.150943396226415,0.060377358490566,0,0,0,0,0,0,54,0.214859516513659,0.0322289274770489
546,"ed4311e67debd72b8610a5347a743087",0.0924824685162239,0.08,0.213333333333333,0.0853333333333333,0,0,0,0,0,0,25,0.0476609012192705,0.00714913518289057
547,"3bdff180c7e1f6551a643b99c265a120",0.0922843854253416,0.0535714285714286,0.142857142857143,0.0571428571428571,0,0,0,0,0,0,59,0.234276855216563,0.0351415282824845
548,"7d456afc660226829370f3173d14520c",0.091606365355448,0.0545454545454545,0.145454545454545,0.0581818181818182,0,0,0,0,0,0,56,0.222830314490865,0.0334245471736298
549,"05ff92fedb5be47920fea08e501238b9",0.0912818791596774,0.0526315789473684,0.140350877192982,0.056140350877193,0,0,0,0,0,0,59,0.234276855216563,0.0351415282824845
550,"dc317f341ab0e22f39acbd9dbf9b4a1f",0.0910138933788037,0.0545454545454545,0.145454545454545,0.0581818181818182,0,0,0,0,0,0,55,0.218880501313237,0.0328320751969856
551,"17306570e772e7718c92a562d33f5f1d",0.0909516088528209,0.0740740740740741,0.197530864197531,0.0790123456790123,0,0,0,0,0,0,29,0.0795950878253904,0.0119392631738086
552,"271c58a1d139c45eaf3316107c6d3a3b",0.0909516088528209,0.0740740740740741,0.197530864197531,0.0790123456790123,0,0,0,0,0,0,29,0.0795950878253904,0.0119392631738086
553,"01cf7e3d21494c41fb86034f2e714fa1",0.0904764161535205,0.0508474576271186,0.135593220338983,0.0542372881355932,0,0,0,0,0,0,61,0.241594186786182,0.0362391280179273
554,"6a8a889bde935bafa76d7848782dfaf9",0.0904637291536397,0.0769230769230769,0.205128205128205,0.0820512820512821,0,0,0,0,0,0,26,0.0560829806823845,0.00841244710235767
555,"8090490573c6c0aa343a7231ebcb8c86",0.0904637291536397,0.0769230769230769,0.205128205128205,0.0820512820512821,0,0,0,0,0,0,26,0.0560829806823845,0.00841244710235767
556,"b8555308bfdb4ca1ed54325a58da9a97",0.0904637291536397,0.0769230769230769,0.205128205128205,0.0820512820512821,0,0,0,0,0,0,26,0.0560829806823845,0.00841244710235767
557,"ccf8813e5a7d6c84d865cd38bfc2b130",0.0904637291536397,0.0769230769230769,0.205128205128205,0.0820512820512821,0,0,0,0,0,0,26,0.0560829806823845,0.00841244710235767
558,"f61c63d13f7cd800549d5acdd390ae72",0.0904637291536397,0.0769230769230769,0.205128205128205,0.0820512820512821,0,0,0,0,0,0,26,0.0560829806823845,0.00841244710235767
559,"f7720c4fa8e3aba4546301ab80ea1f1b",0.0899321148468811,0.0508474576271186,0.135593220338983,0.0542372881355932,0,0,0,0,0,0,60,0.237965511408586,0.0356948267112879
560,"1838dd9b8977065acf51d95e0053ea7a",0.0894337645208805,0.0483870967741935,0.129032258064516,0.0516129032258065,0,0,0,0,0,0,64,0.252139075300494,0.037820861295074
561,"ce27a3cc3c8cc1ea79d11e561e9bebb6",0.0887629867025322,0.0245901639344262,0.0655737704918033,0.0262295081967213,0,0,0,0,0,0,135,0.416889856705406,0.0625334785058109
562,"0c7533c71df861ec58ad7ff999ed0e8d",0.0886981444113699,0.0491803278688525,0.131147540983607,0.0524590163934426,0,0,0,0,0,0,61,0.241594186786182,0.0362391280179273
563,"575df70bde3f9f2b30bf8d2e9910d725",0.088642155767322,0.0740740740740741,0.197530864197531,0.0790123456790123,0,0,0,0,0,0,27,0.0641987339220641,0.00962981008830962
564,"6cd68b3ed6d59aaa9fece558ad360c0a",0.087289764461782,0.0201342281879195,0.0536912751677852,0.0214765100671141,0,0,0,0,0,0,149,0.438755029297786,0.0658132543946679
565,"b4ffb71f0cb1b1c3d63fad021ecf93e1",0.087056063255572,0.020979020979021,0.0559440559440559,0.0223776223776224,0,0,0,0,0,0,144,0.431189605852997,0.0646784408779496
566,"e7d5b006eb624f13074497221eb37807",0.0869949258475664,0.0714285714285714,0.19047619047619,0.0761904761904762,0,0,0,0,0,0,28,0.0720296643806015,0.0108044496570902
567,"94144541854e298c2d976cb893b81343",0.0868787141136405,0.0441176470588235,0.117647058823529,0.0470588235294118,0,0,0,0,0,0,68,0.265465937228191,0.0398198905842287
568,"259f7b5e6e482c230e5bfaa670b6bb8f",0.0867932565423094,0.0220588235294118,0.0588235294117647,0.0235294117647059,0,0,0,0,0,0,138,0.421758965184024,0.0632638447776036
569,"9e6229250fedbe05838fef417b74e7fb",0.0864466057243482,0.0410958904109589,0.10958904109589,0.0438356164383562,0,0,0,0,0,0,74,0.284073261906613,0.042610989285992
570,"9de4643a8dbde634fe55621059d92273",0.0861506815510026,0.0416666666666667,0.111111111111111,0.0444444444444444,0,0,0,0,0,0,72,0.278041580710388,0.0417062371065582
571,"ebd2d60905fb58271facef5596b620d3",0.085825064644545,0.0365853658536585,0.0975609756097561,0.0390243902439024,0,0,0,0,0,0,84,0.312004496004283,0.0468006744006425
572,"3361277dc30b7cccdb0c286b24219756",0.0855024815646132,0.0689655172413793,0.183908045977011,0.0735632183908046,0,0,0,0,0,0,29,0.0795950878253904,0.0119392631738086
573,"8931a84a914b3fe9b1ddaa4d704947ca",0.0855024815646132,0.0689655172413793,0.183908045977011,0.0735632183908046,0,0,0,0,0,0,29,0.0795950878253904,0.0119392631738086
574,"8b2492b7ff4468839593fafeed55bad9",0.0855024815646132,0.0689655172413793,0.183908045977011,0.0735632183908046,0,0,0,0,0,0,29,0.0795950878253904,0.0119392631738086
575,"d4e12e7884759a14fa0f5f896c791cae",0.0855024815646132,0.0689655172413793,0.183908045977011,0.0735632183908046,0,0,0,0,0,0,29,0.0795950878253904,0.0119392631738086
576,"e06f09ec0a4aca210779cf1cfc63cf19",0.0855024815646132,0.0689655172413793,0.183908045977011,0.0735632183908046,0,0,0,0,0,0,29,0.0795950878253904,0.0119392631738086
577,"dfa0c4c6229ab200a4a1336b4d7128ff",0.0854822968703743,0.038961038961039,0.103896103896104,0.0415584415584416,0,0,0,0,0,0,77,0.292825702079552,0.0439238553119328
578,"eeb6de78f79159600292e314a77cbd18",0.0854289204612542,0.0365853658536585,0.0975609756097561,0.0390243902439024,0,0,0,0,0,0,83,0.309363534782345,0.0464045302173518
579,"17ca9b9e9b9ef8fdb529001b49ebb50f",0.0853223972888208,0.0260869565217391,0.0695652173913043,0.0278260869565217,0,0,0,0,0,0,116,0.38330873554866,0.0574963103322991
580,"6b243f80ed07b10f0e8aa0f21a205f3c",0.0852776674847181,0.0379746835443038,0.10126582278481,0.0405063291139241,0,0,0,0,0,0,79,0.298475589138627,0.0447713383707941
581,"ac3508719a1d8f5b7614b798f70af136",0.0852368337170741,0.0297029702970297,0.0792079207920792,0.0316831683168317,0,0,0,0,0,0,103,0.357024436001616,0.0535536654002424
582,"aaed1309374718fdd995ee4c58c9dfcd",0.0849605115013205,0.0288461538461538,0.0769230769230769,0.0307692307692308,0,0,0,0,0,0,105,0.361275204880598,0.0541912807320898
583,"ff063b022a9a0aab91bad2c9088760b7",0.0845663714569363,0.0319148936170213,0.0851063829787234,0.0340425531914894,0,0,0,0,0,0,94,0.33682545510298,0.050523818265447
584,"5c243662ce92d84573bfaff24c3e3700",0.0845574377387637,0.0306122448979592,0.0816326530612245,0.0326530612244898,0,0,0,0,0,0,98,0.346029176761826,0.0519043765142739
585,"2a6fbeaa7ab9e5d59a35841a8da71ce4",0.0841479740203625,0.0666666666666667,0.177777777777778,0.0711111111111111,0,0,0,0,0,0,30,0.0869124193950093,0.0130368629092514
586,"232a6014e7b10cba61c6c2b2ea6bb4b0",0.0827956149551257,0.0625,0.166666666666667,0.0666666666666667,0,0,0,0,0,0,33,0.10752632192306,0.016128948288459
587,"65febd49fd28ec955651299159b1f527",0.082688721837132,0.0606060606060606,0.161616161616162,0.0646464646464647,0,0,0,0,0,0,35,0.120281714604449,0.0180422571906673
588,"240b9776d844d37535668549a396af32",0.0799117857282189,0.0571428571428571,0.152380952380952,0.060952380952381,0,0,0,0,0,0,36,0.12639603183892,0.0189594047758379
589,"63b464dbf392c7b80d12d932fa7cafed",0.0791113514125228,0.0555555555555556,0.148148148148148,0.0592592592592593,0,0,0,0,0,0,37,0.132347281021757,0.0198520921532635
590,"1d4587203296c8f4ad134dc286fa6db0",0.0773232534370267,0.05,0.133333333333333,0.0533333333333333,0,0,0,0,0,0,42,0.159932800691289,0.0239899201036934
591,"229c3efbfb0ea2058de4ccdfbc3d784a",0.0769761878651616,0.0169491525423729,0.0451977401129944,0.0180790960451977,0,0,0,0,0,0,121,0.392647278799759,0.0588970918199638
592,"ba90964cff9b9e0e6f32b23b82465f7b",0.0768619410804498,0.0526315789473684,0.140350877192982,0.056140350877193,0,0,0,0,0,0,38,0.138143934688379,0.0207215902032569
593,"113e3a788b935f48aad63e1c41dac1bd",0.0762699279629729,0.0512820512820513,0.136752136752137,0.0547008547008547,0,0,0,0,0,0,39,0.143793821747455,0.0215690732621182
594,"e63e8bfa530fb16910dd6956e592bb81",0.0760224404288967,0.0487804878048781,0.130081300813008,0.0520325203252033,0,0,0,0,0,0,42,0.159932800691289,0.0239899201036934
595,"20d83f3ef0e6925fd74bfd59170babf7",0.0757289619932313,0.05,0.133333333333333,0.0533333333333333,0,0,0,0,0,0,40,0.149304191065986,0.0223956286598979
596,"83deb69e889cf80f82be1dc6d5f2d486",0.0757289619932313,0.05,0.133333333333333,0.0533333333333333,0,0,0,0,0,0,40,0.149304191065986,0.0223956286598979
597,"b56906f7fd1696e043f1bcce164c487b",0.0757289619932313,0.05,0.133333333333333,0.0533333333333333,0,0,0,0,0,0,40,0.149304191065986,0.0223956286598979
598,"31344c16881c08a8a72c6d2eb29918c1",0.0755531172671921,0.0476190476190476,0.126984126984127,0.0507936507936508,0,0,0,0,0,0,43,0.165063109823609,0.0247594664735413
599,"289cdb325fb7e7f891c38608bf9e0962",0.0753059903483052,0.018348623853211,0.0489296636085627,0.0195718654434251,0,0,0,0,0,0,110,0.371560832699201,0.0557341249048801
600,"7dc8c42cc750eeafea6c85712ffee9bf",0.0752347854338792,0.0487804878048781,0.130081300813008,0.0520325203252033,0,0,0,0,0,0,41,0.154681767391173,0.0232022651086759
601,"b39d7fe263ef469605dbb32608aee0af",0.07512412129495,0.0465116279069767,0.124031007751938,0.0496124031007752,0,0,0,0,0,0,44,0.170078121294499,0.0255117181941748
602,"966cb4760537b1404caedd472cc610a5",0.0748951532818399,0.0298507462686567,0.0796019900497512,0.0318407960199005,0,0,0,0,0,0,75,0.287029048412929,0.0430543572619394
603,"612170e34b97004b3ba37eae81836b4c",0.0747546720237593,0.0186915887850467,0.0498442367601246,0.0199376947040498,0,0,0,0,0,0,107,0.36544651546473,0.0548169773197095
604,"abcd2cb37d46c2c8fb1bf071c859fc5b",0.0747322840487109,0.0454545454545455,0.121212121212121,0.0484848484848485,0,0,0,0,0,0,45,0.174982903759082,0.0262474355638624
605,"b32be1695eb7ec5f10f72d9610a12527",0.0747322840487109,0.0454545454545455,0.121212121212121,0.0484848484848485,0,0,0,0,0,0,45,0.174982903759082,0.0262474355638624
606,"c66dccfb3f109511246da627dd5a2498",0.0747322840487109,0.0454545454545455,0.121212121212121,0.0484848484848485,0,0,0,0,0,0,45,0.174982903759082,0.0262474355638624
607,"33a6f4b1e7cdc205511e76ba1b6e0186",0.0745087410495501,0.019047619047619,0.0507936507936508,0.0203174603174603,0,0,0,0,0,0,105,0.361275204880598,0.0541912807320898
608,"e0a366315b1b726b6c7832d664c0f530",0.0743718695743165,0.0465116279069767,0.124031007751938,0.0496124031007752,0,0,0,0,0,0,43,0.165063109823609,0.0247594664735413
609,"f789d2c4f2c2eb38fc4373e7a4b35264",0.0739965666790233,0.0454545454545455,0.121212121212121,0.0484848484848485,0,0,0,0,0,0,44,0.170078121294499,0.0255117181941748
610,"6b90f847357d8981edd79a1eb1bf0acb",0.0736548429712698,0.0444444444444444,0.118518518518519,0.0474074074074074,0,0,0,0,0,0,45,0.174982903759082,0.0262474355638624
611,"870d0118f7a9d85960f29ad89d5d989a",0.0736548429712698,0.0444444444444444,0.118518518518519,0.0474074074074074,0,0,0,0,0,0,45,0.174982903759082,0.0262474355638624
612,"06e5eefc71ec47ae763c5c6f8db7064f",0.0735152867419973,0.0222222222222222,0.0592592592592593,0.0237037037037037,0,0,0,0,0,0,92,0.332077220255291,0.0498115830382936
613,"381c83fdca332ea6afd896da20bf6e4a",0.0733441414157542,0.0434782608695652,0.115942028985507,0.0463768115942029,0,0,0,0,0,0,46,0.179782198810342,0.0269673298215513
614,"6c177e38df6d3f34182b1f1d427231bf",0.0730836475240296,0.0377358490566038,0.10062893081761,0.040251572327044,0,0,0,0,0,0,55,0.218880501313237,0.0328320751969856
615,"91f848e9f4be368f4318775aac733370",0.0728574329228421,0.0333333333333333,0.0888888888888889,0.0355555555555556,0,0,0,0,0,0,63,0.248679182448577,0.0373018773672865
616,"138dbe45fc62f1e244378131a6801526",0.0725759492316121,0.0408163265306122,0.108843537414966,0.0435374149659864,0,0,0,0,0,0,49,0.193590228437505,0.0290385342656257
617,"609e1a9a6c2539919b8205cf7c4e6ff0",0.0724828043791521,0.0229885057471264,0.0613026819923372,0.0245210727969349,0,0,0,0,0,0,87,0.319744877214781,0.0479617315822172
618,"750303a20e9c56b2a6bc45cdce0b897d",0.0724804998040929,0.0377358490566038,0.10062893081761,0.040251572327044,0,0,0,0,0,0,54,0.214859516513659,0.0322289274770489
619,"25cf099de44674fde97473224f9d59ab",0.072368069975492,0.04,0.106666666666667,0.0426666666666667,0,0,0,0,0,0,50,0.198009355392169,0.0297014033088253
620,"062ce95fa2ad4dfaedfc79260130565f",0.0723382480364917,0.037037037037037,0.0987654320987654,0.0395061728395062,0,0,0,0,0,0,55,0.218880501313237,0.0328320751969856
621,"066a6914e1ebf3ea95a216c73a986b91",0.072143122907461,0.0303030303030303,0.0808080808080808,0.0323232323232323,0,0,0,0,0,0,68,0.265465937228191,0.0398198905842287
622,"8bb48dc19fccaa8613b6229bf7f452a2",0.0720199018422066,0.024390243902439,0.0650406504065041,0.0260162601626016,0,0,0,0,0,0,82,0.3066909445307,0.046003641679605
623,"080199a181c46c657dc5aa235411be3b",0.0717755577800768,0.0253164556962025,0.0675105485232067,0.0270042194092827,0,0,0,0,0,0,79,0.298475589138627,0.0447713383707941
624,"376a891762bbdecbc02b4b6adec3fdda",0.0714336153505614,0.0350877192982456,0.0935672514619883,0.0374269005847953,0,0,0,0,0,0,57,0.226711431771774,0.0340067147657661
625,"c864036feaab8c1659f65ea4faebe1da",0.0713605394816365,0.0344827586206897,0.0919540229885057,0.0367816091954023,0,0,0,0,0,0,58,0.230526201908228,0.0345789302862342
626,"c6bda72e4dbf5c5866b13cb1810c6d03",0.0712997203728799,0.0338983050847458,0.0903954802259887,0.0361581920903955,0,0,0,0,0,0,59,0.234276855216563,0.0351415282824845
627,"30a2f535bb48308f991d0b9ad4a8c4bb",0.0712914706561507,0.028169014084507,0.0751173708920188,0.0300469483568075,0,0,0,0,0,0,71,0.274963481995621,0.0412445222993432
628,"709e16e2b25c7474d980076c6bfc4806",0.0712503822668435,0.0333333333333333,0.0888888888888889,0.0355555555555556,0,0,0,0,0,0,60,0.237965511408586,0.0356948267112879
629,"d57e18d5f73c7ccb7f7339b61166898d",0.0712118056135557,0.0327868852459016,0.087431693989071,0.0349726775956284,0,0,0,0,0,0,61,0.241594186786182,0.0362391280179273
630,"b92e3c8f9738272ff7c59e111e108d7c",0.0711833222795798,0.032258064516129,0.0860215053763441,0.0344086021505376,0,0,0,0,0,0,62,0.245164800860281,0.0367747201290422
631,"520b493b57809f446cb0a233bb3e25c7",0.0711643112297204,0.0317460317460317,0.0846560846560847,0.0338624338624339,0,0,0,0,0,0,63,0.248679182448577,0.0373018773672865
632,"76d64c4aca3a7baf218bf93ef7fa768d",0.0711541946284074,0.03125,0.0833333333333333,0.0333333333333333,0,0,0,0,0,0,64,0.252139075300494,0.037820861295074
633,"d566c37fa119d5e66c4e9052e83ee4ea",0.0711524343144204,0.0307692307692308,0.0820512820512821,0.0328205128205128,0,0,0,0,0,0,65,0.255546143292717,0.0383319214939076
634,"0bae85eb84b9fb3bd773911e89288d54",0.0708652929478066,0.00735294117647059,0.0196078431372549,0.00784313725490196,0,0,0,0,0,0,137,0.420147704619364,0.0630221556929046
635,"8c16d1f32a54d92897cc437244442e1b",0.0650020369329665,0.00925925925925926,0.0246913580246914,0.00987654320987654,0,0,0,0,0,0,108,0.367503291487267,0.05512549372309
636,"530ec6109d11eaaf87999465c6afee01",0.0629120558658569,0.0106382978723404,0.0283687943262411,0.0113475177304965,0,0,0,0,0,0,97,0.34376358756907,0.0515645381353605
637,"725c32fa80c2faacc4fc88450d27314e",0.0606990020294425,0.0112359550561798,0.0299625468164794,0.0119850187265918,0,0,0,0,0,0,89,0.324759888685672,0.0487139833028508
638,"744dac408745240a2c2528fb1b6028f3",0.0584465520460078,0.0128205128205128,0.0341880341880342,0.0136752136752137,0,0,0,0,0,0,79,0.298475589138627,0.0447713383707941
639,"d12c926d74ceff0a90a21184466ce161",0.0583853665407018,0.0131578947368421,0.0350877192982456,0.0140350877192982,0,0,0,0,0,0,78,0.295668525476024,0.0443502788214036
640,"d921b68bf747894be13a97ae52b0f386",0.0577766691647466,0.012987012987013,0.0346320346320346,0.0138528138528139,0,0,0,0,0,0,77,0.292825702079552,0.0439238553119328
641,"fc906263ca5083d09dce42fe02247800",0.0569191616760458,0,0,0,0,0,0,0,0,0,114,0.379461077840306,0.0569191616760458
642,"6288c69c4ce638e59925e59193f98b16",0.0563785037885198,0.05,0.133333333333333,0.0533333333333333,0,0,0,0,0,0,22,0.0203011363679097,0.00304517045518645
643,"cb8bcce248bb1fb274ba762d8b971456",0.0559815067458448,0.0151515151515152,0.0404040404040404,0.0161616161616162,0,0,0,0,0,0,68,0.265465937228191,0.0398198905842287
644,"822166ed1e47908f7cfb49946d03c726",0.0557604733985607,0.0144927536231884,0.0386473429951691,0.0154589371980676,0,0,0,0,0,0,69,0.268676908003287,0.0403015362004931
645,"9d5a9018aee56acb367ba9c3f05d1d6a",0.0554928295587511,0.0151515151515152,0.0404040404040404,0.0161616161616162,0,0,0,0,0,0,67,0.262208089314233,0.039331213397135
646,"808d4348b916efa08e766ebad39f61eb",0.0548905346981987,0.05,0.133333333333333,0.0533333333333333,0,0,0,0,0,0,21,0.0103813424324359,0.00155720136486538
647,"8ae520247981aa06bc94abddf5f46d34",0.054742177904164,0.0153846153846154,0.041025641025641,0.0164102564102564,0,0,0,0,0,0,65,0.255546143292717,0.0383319214939076
648,"7c5b05cbdb5542049f38d90d7815b97d",0.0538388212488372,0.0476190476190476,0.126984126984127,0.0507936507936508,0,0,0,0,0,0,22,0.0203011363679097,0.00304517045518645
649,"9596c870880d900012f2e8e6e30d06d7",0.0538388212488372,0.0476190476190476,0.126984126984127,0.0507936507936508,0,0,0,0,0,0,22,0.0203011363679097,0.00304517045518645
650,"1fe5540d7c1c37a595fefbacd5570d9e",0.0533333333333333,0.05,0.133333333333333,0.0533333333333333,0,0,0,0,0,0,20,0,0
651,"542917da124346b47ea1ac79a93ce454",0.0533333333333333,0.05,0.133333333333333,0.0533333333333333,0,0,0,0,0,0,20,0,0
652,"582d4f8675b945722eda7c0cb61ba4c7",0.0532206243276822,0.0169491525423729,0.0451977401129944,0.0180790960451977,0,0,0,0,0,0,59,0.234276855216563,0.0351415282824845
653,"1b8356dabde1d35e17cef975c3f82730",0.0528184865675692,0.0181818181818182,0.0484848484848485,0.0193939393939394,0,0,0,0,0,0,56,0.222830314490865,0.0334245471736298
654,"a5cba26a62b8b4d0145b68b841e62e7f",0.0523547136405709,0.0188679245283019,0.050314465408805,0.020125786163522,0,0,0,0,0,0,54,0.214859516513659,0.0322289274770489
655,"412a4720f3e9431b4afa1476a1acddbe",0.0523508521585162,0.0476190476190476,0.126984126984127,0.0507936507936508,0,0,0,0,0,0,21,0.0103813424324359,0.00155720136486538
656,"af3ef48d0e13835e529c29ac573c63e5",0.0523508521585162,0.0476190476190476,0.126984126984127,0.0507936507936508,0,0,0,0,0,0,21,0.0103813424324359,0.00155720136486538
657,"2a5b78b41cd05baeac8df54c6606b92c",0.0522269400627272,0.0217391304347826,0.0579710144927536,0.0231884057971014,0,0,0,0,0,0,49,0.193590228437505,0.0290385342656257
658,"2dee2ce60de9709b1a24083217181a1f",0.0519820138968019,0.0185185185185185,0.0493827160493827,0.0197530864197531,0,0,0,0,0,0,54,0.214859516513659,0.0322289274770489
659,"974cf2cb8f4b7add98709c30df02fe10",0.0516845038440146,0.0333333333333333,0.0888888888888889,0.0355555555555556,0,0,0,0,0,0,33,0.10752632192306,0.016128948288459
660,"2199e7fe213c16213bf5d6a7eadc9a5d",0.051593579627335,0.0416666666666667,0.111111111111111,0.0444444444444444,0,0,0,0,0,0,25,0.0476609012192705,0.00714913518289057
661,"093805f8f2aeb63881444571e1f48f30",0.0515300189400349,0.0454545454545455,0.121212121212121,0.0484848484848485,0,0,0,0,0,0,22,0.0203011363679097,0.00304517045518645
662,"0d33a55da925bbf1ff02af5f6059fc7f",0.0515300189400349,0.0454545454545455,0.121212121212121,0.0484848484848485,0,0,0,0,0,0,22,0.0203011363679097,0.00304517045518645
663,"4200ddf1967c5e41e48db62bc6d4b5ac",0.0515300189400349,0.0454545454545455,0.121212121212121,0.0484848484848485,0,0,0,0,0,0,22,0.0203011363679097,0.00304517045518645
664,"5670f4db5b62c43d542e1b2d56b0cf7c",0.0515300189400349,0.0454545454545455,0.121212121212121,0.0484848484848485,0,0,0,0,0,0,22,0.0203011363679097,0.00304517045518645
665,"730937bf88cb151eb2eb849f642fc213",0.0515300189400349,0.0454545454545455,0.121212121212121,0.0484848484848485,0,0,0,0,0,0,22,0.0203011363679097,0.00304517045518645
666,"8fdca8e349553f99bc738833a62c8802",0.0515300189400349,0.0454545454545455,0.121212121212121,0.0484848484848485,0,0,0,0,0,0,22,0.0203011363679097,0.00304517045518645
667,"df56d7b40d437f88407c5f78b63bc328",0.0515300189400349,0.0454545454545455,0.121212121212121,0.0484848484848485,0,0,0,0,0,0,22,0.0203011363679097,0.00304517045518645
668,"f0837c8d71434931d9e38e7b79234797",0.0515300189400349,0.0454545454545455,0.121212121212121,0.0484848484848485,0,0,0,0,0,0,22,0.0203011363679097,0.00304517045518645
669,"b1a81260566c1bac3114a6d124413f27",0.0512664329713051,0.0196078431372549,0.0522875816993464,0.0209150326797386,0,0,0,0,0,0,51,0.202342668610443,0.0303514002915665
670,"0bb738e4d789e63e2267697c42d35a2d",0.0511321010044895,0.0357142857142857,0.0952380952380952,0.0380952380952381,0,0,0,0,0,0,30,0.0869124193950093,0.0130368629092514
671,"58f1a6197ed863543e0136bdedb3fce2",0.0509085435910002,0.0238095238095238,0.0634920634920635,0.0253968253968254,0,0,0,0,0,0,44,0.170078121294499,0.0255117181941748
672,"b410bdd36d5db7a65dcd42b7ead933b8",0.0509085435910002,0.0238095238095238,0.0634920634920635,0.0253968253968254,0,0,0,0,0,0,44,0.170078121294499,0.0255117181941748
673,"83e197e95a1bbabc8c75e883ed016c47",0.0508604730760784,0.0217391304347826,0.0579710144927536,0.0231884057971014,0,0,0,0,0,0,47,0.184480448526513,0.0276720672789769
674,"efcd8d2104f1a05d028af7bad20d974b",0.0508604730760784,0.0217391304347826,0.0579710144927536,0.0231884057971014,0,0,0,0,0,0,47,0.184480448526513,0.0276720672789769
675,"10076e5788b8ee532724bcd460baf762",0.0508466137645039,0.0434782608695652,0.115942028985507,0.0463768115942029,0,0,0,0,0,0,23,0.0297986811353401,0.00446980217030101
676,"4b5f66b7adcf57f1ecc0d3c07dd6b177",0.0508466137645039,0.0434782608695652,0.115942028985507,0.0463768115942029,0,0,0,0,0,0,23,0.0297986811353401,0.00446980217030101
677,"6426d21aca402a131fc0a5d0960a3c90",0.0508466137645039,0.0434782608695652,0.115942028985507,0.0463768115942029,0,0,0,0,0,0,23,0.0297986811353401,0.00446980217030101
678,"d624126b9206f595fb3fbb6ba03b28a8",0.0508466137645039,0.0434782608695652,0.115942028985507,0.0463768115942029,0,0,0,0,0,0,23,0.0297986811353401,0.00446980217030101
679,"0ef83d7d83ed97cd2a0049ac8be5f88a",0.0505844952489067,0.0208333333333333,0.0555555555555556,0.0222222222222222,0,0,0,0,0,0,48,0.189081820177897,0.0283622730266845
680,"4c03b9dd4c11ee2cb35c96c49efc9420",0.0505844952489067,0.0208333333333333,0.0555555555555556,0.0222222222222222,0,0,0,0,0,0,48,0.189081820177897,0.0283622730266845
681,"0691148aee60ca47977c187804f935ae",0.0503671027399698,0.0212765957446809,0.0567375886524823,0.0226950354609929,0,0,0,0,0,0,47,0.184480448526513,0.0276720672789769
682,"0885aaf116795758dfeb5f1032487bcd",0.0503106224965964,0.037037037037037,0.0987654320987654,0.0395061728395062,0,0,0,0,0,0,28,0.0720296643806015,0.0108044496570902
683,"ffc470761de7d0232558ba5e786e57b7",0.0503106224965964,0.037037037037037,0.0987654320987654,0.0395061728395062,0,0,0,0,0,0,28,0.0720296643806015,0.0108044496570902
684,"a3f0b55de503387383c7b1de3ad7f678",0.0502807136013943,0.0416666666666667,0.111111111111111,0.0444444444444444,0,0,0,0,0,0,24,0.0389084610463321,0.00583626915694982
685,"a938325a4b357fd23a6a4d5bb126408e",0.0502807136013943,0.0416666666666667,0.111111111111111,0.0444444444444444,0,0,0,0,0,0,24,0.0389084610463321,0.00583626915694982
686,"cea729054f157f5870bdd321a958d994",0.0502807136013943,0.0416666666666667,0.111111111111111,0.0444444444444444,0,0,0,0,0,0,24,0.0389084610463321,0.00583626915694982
687,"3d8fa2f5b647373c8620330c4e077a9f",0.0501562918703667,0.0238095238095238,0.0634920634920635,0.0253968253968254,0,0,0,0,0,0,43,0.165063109823609,0.0247594664735413
688,"817245bcc3badd82bbd222e0366951a6",0.0500345012690467,0.0357142857142857,0.0952380952380952,0.0380952380952381,0,0,0,0,0,0,29,0.0795950878253904,0.0119392631738086
689,"b8bc237ba3788b23da09c0f1f3a3288c",0.0499511392675661,0.0222222222222222,0.0592592592592593,0.0237037037037037,0,0,0,0,0,0,45,0.174982903759082,0.0262474355638624
690,"bccf933e006e9b94a6184af782963e77",0.0499511392675661,0.0222222222222222,0.0592592592592593,0.0237037037037037,0,0,0,0,0,0,45,0.174982903759082,0.0262474355638624
691,"c68fb906c8f4b4b946d8386bfa6e5467",0.0499511392675661,0.0222222222222222,0.0592592592592593,0.0237037037037037,0,0,0,0,0,0,45,0.174982903759082,0.0262474355638624
692,"f680f85bee2d253556ac91be391d2c82",0.0499511392675661,0.0222222222222222,0.0592592592592593,0.0237037037037037,0,0,0,0,0,0,45,0.174982903759082,0.0262474355638624
693,"1b938a7ec6ac5061a66a3766e0e75f90",0.0498184721046537,0.0344827586206897,0.0919540229885057,0.0367816091954023,0,0,0,0,0,0,30,0.0869124193950093,0.0130368629092514
694,"9616352088dcf83a7c06637f4ebf1c80",0.0498115830382936,0,0,0,0,0,0,0,0,0,92,0.332077220255291,0.0498115830382936
695,"5a93f3ab0ef4c84ed5e1b5dbf23978bc",0.0496392487007147,0.0263157894736842,0.0701754385964912,0.0280701754385965,0,0,0,0,0,0,39,0.143793821747455,0.0215690732621182
696,"33a17d60c64393351ebf1ef860f4e0f2",0.0495656680239289,0.0232558139534884,0.062015503875969,0.0248062015503876,0,0,0,0,0,0,43,0.165063109823609,0.0247594664735413
697,"3f995f07c49d0d55a99d5c54957f7d81",0.0495656680239289,0.0232558139534884,0.062015503875969,0.0248062015503876,0,0,0,0,0,0,43,0.165063109823609,0.0247594664735413
698,"96804ea39d96eb908e7c3afdb671bb9e",0.0495504190320857,0.027027027027027,0.0720720720720721,0.0288288288288288,0,0,0,0,0,0,38,0.138143934688379,0.0207215902032569
699,"ed4acab38528488b65a9a9c603ff024a",0.0495382585357693,0.032258064516129,0.0860215053763441,0.0344086021505376,0,0,0,0,0,0,32,0.100864375901544,0.0151296563852317
700,"66dc1b1632bd6a3e508510c5b3492107",0.0494817217828931,0.0277777777777778,0.0740740740740741,0.0296296296296296,0,0,0,0,0,0,37,0.132347281021757,0.0198520921532635
701,"4bfc7a4a1cf8d4d2121c27422d9e50b5",0.0494380881279987,0.0384615384615385,0.102564102564103,0.041025641025641,0,0,0,0,0,0,26,0.0560829806823845,0.00841244710235767
702,"e883aa812c37a7413226856f4579fe91",0.0494380881279987,0.0384615384615385,0.102564102564103,0.041025641025641,0,0,0,0,0,0,26,0.0560829806823845,0.00841244710235767
703,"5b67882648febfb6e1225e6ad7164f6b",0.0491359829278158,0.037037037037037,0.0987654320987654,0.0395061728395062,0,0,0,0,0,0,27,0.0641987339220641,0.00962981008830962
704,"5f5b43b2bffa8656e4bc6efeb13cc649",0.0491359829278158,0.037037037037037,0.0987654320987654,0.0395061728395062,0,0,0,0,0,0,27,0.0641987339220641,0.00962981008830962
705,"95ec4458365c4d11f452ccf538377619",0.0491359829278158,0.037037037037037,0.0987654320987654,0.0395061728395062,0,0,0,0,0,0,27,0.0641987339220641,0.00962981008830962
706,"cac876b37d3abcd6bd76caca30277996",0.0491359829278158,0.037037037037037,0.0987654320987654,0.0395061728395062,0,0,0,0,0,0,27,0.0641987339220641,0.00962981008830962
707,"cc3d14116804f7209f3884f6367f1152",0.0491359829278158,0.037037037037037,0.0987654320987654,0.0395061728395062,0,0,0,0,0,0,27,0.0641987339220641,0.00962981008830962
708,"d23019c84ffae2d5ef2270367b8605fc",0.0489195006125455,0.0256410256410256,0.0683760683760684,0.0273504273504274,0,0,0,0,0,0,39,0.143793821747455,0.0215690732621182
709,"1771297ac436903d1dd6b0e9279aa505",0.0488996877523283,0.0357142857142857,0.0952380952380952,0.0380952380952381,0,0,0,0,0,0,28,0.0720296643806015,0.0108044496570902
710,"6061155addc1e54b4cfb51c1c2a32ad8",0.0488996877523283,0.0357142857142857,0.0952380952380952,0.0380952380952381,0,0,0,0,0,0,28,0.0720296643806015,0.0108044496570902
711,"d379f449f2a3b271bc01c0782020f705",0.0488996877523283,0.0357142857142857,0.0952380952380952,0.0380952380952381,0,0,0,0,0,0,28,0.0720296643806015,0.0108044496570902
712,"7f7b8245c336066a1f9933c359f11d77",0.0487917656418533,0.0263157894736842,0.0701754385964912,0.0280701754385965,0,0,0,0,0,0,38,0.138143934688379,0.0207215902032569
713,"1464afc72f696af775557a821c2e253f",0.0487208723692109,0.0344827586206897,0.0919540229885057,0.0367816091954023,0,0,0,0,0,0,29,0.0795950878253904,0.0119392631738086
714,"4bf2f4ee540798a61f9636d12cd9cc80",0.0487208723692109,0.0344827586206897,0.0919540229885057,0.0367816091954023,0,0,0,0,0,0,29,0.0795950878253904,0.0119392631738086
715,"4ebdc7e6cd6102a022dadc49156d4ea8",0.0487208723692109,0.0344827586206897,0.0919540229885057,0.0367816091954023,0,0,0,0,0,0,29,0.0795950878253904,0.0119392631738086
716,"594f9aaa48e5bf431f011ddc5669b0d5",0.0486809209820923,0.027027027027027,0.0720720720720721,0.0288288288288288,0,0,0,0,0,0,37,0.132347281021757,0.0198520921532635
717,"02f5837340d7eb4f653d676c7256523a",0.048592418464807,0.0333333333333333,0.0888888888888889,0.0355555555555556,0,0,0,0,0,0,30,0.0869124193950093,0.0130368629092514
718,"3c487ae8f8d7542beff5788e2e0aea83",0.048592418464807,0.0333333333333333,0.0888888888888889,0.0355555555555556,0,0,0,0,0,0,30,0.0869124193950093,0.0130368629092514
719,"c8b3445d737de6befde0c88ede534a5e",0.048592418464807,0.0333333333333333,0.0888888888888889,0.0355555555555556,0,0,0,0,0,0,30,0.0869124193950093,0.0130368629092514
720,"31561f325664a8a7aba4c8d0c3a9b3db",0.0485890344054676,0.0277777777777778,0.0740740740740741,0.0296296296296296,0,0,0,0,0,0,36,0.12639603183892,0.0189594047758379
721,"3586b8580d9c917874e053a1bb37b5ff",0.0485890344054676,0.0277777777777778,0.0740740740740741,0.0296296296296296,0,0,0,0,0,0,36,0.12639603183892,0.0189594047758379
722,"bf3c6d2a28b2b5501e6c15448982dcc9",0.0485184476668578,0.0285714285714286,0.0761904761904762,0.0304761904761905,0,0,0,0,0,0,35,0.120281714604449,0.0180422571906673
723,"fde0cc9ea29c8ccfc0a2c22256a58c71",0.0485184476668578,0.0285714285714286,0.0761904761904762,0.0304761904761905,0,0,0,0,0,0,35,0.120281714604449,0.0180422571906673
724,"01fd077212124329bac32490e8ef80d9",0.0485082144091483,0.032258064516129,0.0860215053763441,0.0344086021505376,0,0,0,0,0,0,31,0.0939974150574042,0.0140996122586106
725,"18e694e0e48ed6f7aa3f24aade5fd697",0.0485082144091483,0.032258064516129,0.0860215053763441,0.0344086021505376,0,0,0,0,0,0,31,0.0939974150574042,0.0140996122586106
726,"33576ec5412fb5905d876f12f33bfde6",0.0485082144091483,0.032258064516129,0.0860215053763441,0.0344086021505376,0,0,0,0,0,0,31,0.0939974150574042,0.0140996122586106
727,"4e06067cc08b3f41d837768d392c3ee3",0.0485082144091483,0.032258064516129,0.0860215053763441,0.0344086021505376,0,0,0,0,0,0,31,0.0939974150574042,0.0140996122586106
728,"5d3bb11474a06bdc23fb9e89f1164ee0",0.0485082144091483,0.032258064516129,0.0860215053763441,0.0344086021505376,0,0,0,0,0,0,31,0.0939974150574042,0.0140996122586106
729,"72c5da29406b4234927b81855e7b64f6",0.0485082144091483,0.032258064516129,0.0860215053763441,0.0344086021505376,0,0,0,0,0,0,31,0.0939974150574042,0.0140996122586106
730,"f00e21b1e91a79653163b7fd8f293ff1",0.0485082144091483,0.032258064516129,0.0860215053763441,0.0344086021505376,0,0,0,0,0,0,31,0.0939974150574042,0.0140996122586106
731,"a3dd39f583bc80bd8c5901c95878921e",0.048471820111425,0.0294117647058824,0.0784313725490196,0.0313725490196078,0,0,0,0,0,0,34,0.113995140612114,0.0170992710918172
732,"3c4e0452bff7a2a788179488d3d77032",0.048462989718565,0.03125,0.0833333333333333,0.0333333333333333,0,0,0,0,0,0,32,0.100864375901544,0.0151296563852317
733,"6481e96574816ead57975da2c0f6d80d",0.048462989718565,0.03125,0.0833333333333333,0.0333333333333333,0,0,0,0,0,0,32,0.100864375901544,0.0151296563852317
734,"ea67327e24487bdfac5fbfa37ea124df",0.048462989718565,0.03125,0.0833333333333333,0.0333333333333333,0,0,0,0,0,0,32,0.100864375901544,0.0151296563852317
735,"fad44952713764836814be105382aee5",0.048462989718565,0.03125,0.0833333333333333,0.0333333333333333,0,0,0,0,0,0,32,0.100864375901544,0.0151296563852317
736,"8bd0f31cf0a614c658f6763bd02dea69",0.0484521806116914,0.0303030303030303,0.0808080808080808,0.0323232323232323,0,0,0,0,0,0,33,0.10752632192306,0.016128948288459
737,"b839e41795b7f3ad94cc2014a52f6796",0.0484521806116914,0.0303030303030303,0.0808080808080808,0.0323232323232323,0,0,0,0,0,0,33,0.10752632192306,0.016128948288459
738,"cc5a78bbad32776dc4e3af205218368c",0.0484521806116914,0.0303030303030303,0.0808080808080808,0.0323232323232323,0,0,0,0,0,0,33,0.10752632192306,0.016128948288459
739,"dfc5fb7259bb2b599ca565e6e9448f0f",0.0484521806116914,0.0303030303030303,0.0808080808080808,0.0323232323232323,0,0,0,0,0,0,33,0.10752632192306,0.016128948288459
740,"f3b80352b986ab4d1057a4b724be19d0",0.0479617315822172,0,0,0,0,0,0,0,0,0,87,0.319744877214781,0.0479617315822172
741,"b372ee768ed69e46ca8cdbd267aa7a38",0.0373018773672865,0,0,0,0,0,0,0,0,0,63,0.248679182448577,0.0373018773672865
742,"57e632711dec9ec14ca7546769483e7e",0.0367747201290422,0,0,0,0,0,0,0,0,0,62,0.245164800860281,0.0367747201290422
743,"e882b2a25a10b9c057cc49695f222c19",0.0340067147657661,0,0,0,0,0,0,0,0,0,57,0.226711431771774,0.0340067147657661
744,"cc63f0dd2acba93ffed4fe9f8e0321fa",0.0328320751969856,0,0,0,0,0,0,0,0,0,55,0.218880501313237,0.0328320751969856
745,"fa1a9dec3a9940c072684a46728bf1fc",0.0328320751969856,0,0,0,0,0,0,0,0,0,55,0.218880501313237,0.0328320751969856
746,"3504c0cb71d7fa48d967e0e4c94d59d9",0.0316147122110336,0,0,0,0,0,0,0,0,0,53,0.210764748073557,0.0316147122110336
747,"2b3e4a2a3ea8e01938cabda2a3e5cc79",0.0309890156234139,0,0,0,0,0,0,0,0,0,52,0.206593437489426,0.0309890156234139
748,"aae3bfea055532c57fb453ed3ec80b30",0.0283622730266845,0,0,0,0,0,0,0,0,0,48,0.189081820177897,0.0283622730266845
749,"3bb548e3cb7f70f28e3f11ee9dce0e59",0.0269673298215513,0,0,0,0,0,0,0,0,0,46,0.179782198810342,0.0269673298215513
750,"81f89e42267213cb94da7ddc301651da",0.0269673298215513,0,0,0,0,0,0,0,0,0,46,0.179782198810342,0.0269673298215513
751,"4da0e408c99d2fdc2126dc9fce518060",0.0255117181941748,0,0,0,0,0,0,0,0,0,44,0.170078121294499,0.0255117181941748
752,"acce39e832338debb07b02385cde5967",0.0255117181941748,0,0,0,0,0,0,0,0,0,44,0.170078121294499,0.0255117181941748
753,"34d1ca11b242c0fee2c834ae8d788566",0.0223956286598979,0,0,0,0,0,0,0,0,0,40,0.149304191065986,0.0223956286598979
754,"6df688df543f90e9b38f4319e75a9d88",0.0223956286598979,0,0,0,0,0,0,0,0,0,40,0.149304191065986,0.0223956286598979
755,"b1ac6ea7895bc3dd6f0f6f4abbdd2821",0.0223956286598979,0,0,0,0,0,0,0,0,0,40,0.149304191065986,0.0223956286598979
756,"6338ea67c41078a46ad99cc009654956",0.0198520921532635,0,0,0,0,0,0,0,0,0,37,0.132347281021757,0.0198520921532635
757,"325f3178fb58e2a9778334621eecdbf9",0.0189594047758379,0,0,0,0,0,0,0,0,0,36,0.12639603183892,0.0189594047758379
758,"5cbbd5a299cab112b7bf23862255e43e",0.0189594047758379,0,0,0,0,0,0,0,0,0,36,0.12639603183892,0.0189594047758379
759,"bba74270a87732727b5a3b4fd9ac1c39",0.0189594047758379,0,0,0,0,0,0,0,0,0,36,0.12639603183892,0.0189594047758379
760,"bd4889b5e9133b35b66e42a8665cea5c",0.0189594047758379,0,0,0,0,0,0,0,0,0,36,0.12639603183892,0.0189594047758379
761,"33ac3e28642ab8bda860a2f693000e78",0.0170992710918172,0,0,0,0,0,0,0,0,0,34,0.113995140612114,0.0170992710918172
762,"b90e891671cffd9557f33a97dc523645",0.0170992710918172,0,0,0,0,0,0,0,0,0,34,0.113995140612114,0.0170992710918172
763,"48efc9d94a9834137efd9ea76b065a38",0.016128948288459,0,0,0,0,0,0,0,0,0,33,0.10752632192306,0.016128948288459
764,"9baf5cb77970f539089d09a38bcec5c3",0.0151296563852317,0,0,0,0,0,0,0,0,0,32,0.100864375901544,0.0151296563852317
765,"0ebd97a106433a45a4aebe57c1799778",0.0140996122586106,0,0,0,0,0,0,0,0,0,31,0.0939974150574042,0.0140996122586106
766,"f67efa3f0b6761102a7f8c6b7b571f5d",0.0140996122586106,0,0,0,0,0,0,0,0,0,31,0.0939974150574042,0.0140996122586106
767,"40d54b51e962dbe09cabbcfd33298dee",0.0130368629092514,0,0,0,0,0,0,0,0,0,30,0.0869124193950093,0.0130368629092514
768,"94e93ce877be27a515118dbfd2c2be41",0.0130368629092514,0,0,0,0,0,0,0,0,0,30,0.0869124193950093,0.0130368629092514
769,"bf00385a5f7fc1ef39a13c2e9ee50a5f",0.0119392631738086,0,0,0,0,0,0,0,0,0,29,0.0795950878253904,0.0119392631738086
770,"14a08204d03bb6b6bde8029f801ae0eb",0.0108044496570902,0,0,0,0,0,0,0,0,0,28,0.0720296643806015,0.0108044496570902
771,"960945e1a9535cbc0cd6ddd35fbe7ae8",0.0108044496570902,0,0,0,0,0,0,0,0,0,28,0.0720296643806015,0.0108044496570902
772,"671585f5a2af58b6e276bc01003c0d2b",0.00962981008830962,0,0,0,0,0,0,0,0,0,27,0.0641987339220641,0.00962981008830962
773,"7ade73f1b9b4e965f9009a4c3a7e2c15",0.00962981008830962,0,0,0,0,0,0,0,0,0,27,0.0641987339220641,0.00962981008830962
774,"f41ce2e25237f9092cd8e6e7516c7a2f",0.00962981008830962,0,0,0,0,0,0,0,0,0,27,0.0641987339220641,0.00962981008830962
775,"3481aa57cd91f9f9d3fa1fa12d9a3bf7",0.00714913518289057,0,0,0,0,0,0,0,0,0,25,0.0476609012192705,0.00714913518289057
776,"5debea795b07621e1f90532e18f96145",0.00714913518289057,0,0,0,0,0,0,0,0,0,25,0.0476609012192705,0.00714913518289057
777,"916748bc99315c2d202898ae58b1617e",0.00714913518289057,0,0,0,0,0,0,0,0,0,25,0.0476609012192705,0.00714913518289057
778,"b2a6d334e2833acea353624840e25a0e",0.00714913518289057,0,0,0,0,0,0,0,0,0,25,0.0476609012192705,0.00714913518289057
779,"e48b04bf1aa1ef711caebeb7aede6180",0.00714913518289057,0,0,0,0,0,0,0,0,0,25,0.0476609012192705,0.00714913518289057
780,"c731d18cea9bf687ffee82a241c25b11",0.00583626915694982,0,0,0,0,0,0,0,0,0,24,0.0389084610463321,0.00583626915694982
781,"013900e863eace745d3ec7614cab5b1a",0.00446980217030101,0,0,0,0,0,0,0,0,0,23,0.0297986811353401,0.00446980217030101
782,"42ef3192a9ff87a22d1867b74b3ee205",0.00446980217030101,0,0,0,0,0,0,0,0,0,23,0.0297986811353401,0.00446980217030101
783,"5c853bb56f70f4d14218944bae111d7a",0.00446980217030101,0,0,0,0,0,0,0,0,0,23,0.0297986811353401,0.00446980217030101
784,"79ed755314cfe6df0daef2c6cd3022cd",0.00446980217030101,0,0,0,0,0,0,0,0,0,23,0.0297986811353401,0.00446980217030101
785,"7e26c750b4cb9f6766f58265ff9ebe95",0.00446980217030101,0,0,0,0,0,0,0,0,0,23,0.0297986811353401,0.00446980217030101
786,"42fa4ee7240e9b8eb4576358ec142ba7",0.00304517045518645,0,0,0,0,0,0,0,0,0,22,0.0203011363679097,0.00304517045518645
787,"52f9db5cfb423382a2fa5c9e39303202",0.00304517045518645,0,0,0,0,0,0,0,0,0,22,0.0203011363679097,0.00304517045518645
788,"bd697db56ff8e7c9cd1abeb7f72029b2",0.00304517045518645,0,0,0,0,0,0,0,0,0,22,0.0203011363679097,0.00304517045518645
789,"d8c7ba53e7e38711eaef8c2849d6d2e1",0.00304517045518645,0,0,0,0,0,0,0,0,0,22,0.0203011363679097,0.00304517045518645
790,"e9511df20ccd82658a30c37b7fb343af",0.00304517045518645,0,0,0,0,0,0,0,0,0,22,0.0203011363679097,0.00304517045518645
791,"eed78ac17f7f795a19a709745f00cd4e",0.00304517045518645,0,0,0,0,0,0,0,0,0,22,0.0203011363679097,0.00304517045518645
792,"02ecc2a19303f05e59ce133fd923fff7",0.00155720136486538,0,0,0,0,0,0,0,0,0,21,0.0103813424324359,0.00155720136486538
793,"3785b653b1b82de85ab47dd139938091",0.00155720136486538,0,0,0,0,0,0,0,0,0,21,0.0103813424324359,0.00155720136486538
794,"55d3daac7c404d59e51c2aa2f4dc5a23",0.00155720136486538,0,0,0,0,0,0,0,0,0,21,0.0103813424324359,0.00155720136486538
795,"5bffbafbb22daf6d3bfc216a46db8708",0.00155720136486538,0,0,0,0,0,0,0,0,0,21,0.0103813424324359,0.00155720136486538
796,"679769a98cfcc6da877c8486ff1c13f3",0.00155720136486538,0,0,0,0,0,0,0,0,0,21,0.0103813424324359,0.00155720136486538
797,"845e8036c3f7bf62099352f5ed910240",0.00155720136486538,0,0,0,0,0,0,0,0,0,21,0.0103813424324359,0.00155720136486538
798,"b347677812ea483b0f528eaf8cbc09b7",0.00155720136486538,0,0,0,0,0,0,0,0,0,21,0.0103813424324359,0.00155720136486538
799,"c72de06d72748d1a0dfb2125be43ba63",0.00155720136486538,0,0,0,0,0,0,0,0,0,21,0.0103813424324359,0.00155720136486538
800,"e21a1e8be4715b0fcfd5385643bc49c4",0.00155720136486538,0,0,0,0,0,0,0,0,0,21,0.0103813424324359,0.00155720136486538
801,"f9244d45189d3a3605499abddeade7d5",0.00155720136486538,0,0,0,0,0,0,0,0,0,21,0.0103813424324359,0.00155720136486538
802,"41c2bad7229b0c25e6becf179ebf63ff",0,0,0,0,0,0,0,0,0,0,20,0,0
803,"8ab42aa58097fd4668d60cc648225d5f",0,0,0,0,0,0,0,0,0,0,20,0,0
804,"bf100ecb7997df312b285358fb32f92c",0,0,0,0,0,0,0,0,0,0,20,0,0
